timestamp,node,raw_line
07:10:30.715,S1,=== LoRa SLAVE 1 ===
07:10:30.730,S1,Init LoRa ... OK
07:10:30.731,S1,Freq: 433.00 MHz
07:10:30.732,S1,Menunggu POLL:1 dari Master...
07:10:30.738,MASTER,=== LoRa MASTER-SLAVE 3 NODE ===
07:10:30.739,S2,=== LoRa SLAVE 2 ===
07:10:30.757,MASTER,Init LoRa ... OK
07:10:30.758,MASTER,Freq: 433.00 MHz
07:10:30.760,S2,Init LoRa ... OK
07:10:30.761,MASTER,SF7 | BW: 125.00 kHz
07:10:30.761,S2,Freq: 433.00 MHz
07:10:30.762,MASTER,Peran: MASTER (COM3)
07:10:30.763,MASTER,Slave: COM4 (S1) & COM5 (S2)
07:10:30.763,S2,Menunggu POLL:2 dari Master...
07:10:30.768,MASTER,========================================
07:10:30.768,MASTER,=== CYCLE 1 ===
07:10:30.770,MASTER,[TX] POLL:1
07:10:30.801,S2,[IGNORE] POLL:1
07:10:30.803,S1,[RX] POLL:1 | RSSI: -59 dBm | SNR: 8.50 dB | RX#: 1
07:10:30.803,S1,[TX] S1:DATA:1
07:10:30.839,S2,[IGNORE] S1:DATA:1
07:10:30.843,MASTER,[RX] S1:DATA:1 | RSSI: -53 dBm | SNR: 9.50 dB
07:10:30.843,MASTER,[TX] POLL:2
07:10:30.873,S1,[IGNORE] POLL:2
07:10:30.876,S2,[RX] POLL:2 | RSSI: -68 dBm | SNR: 9.25 dB | RX#: 1
07:10:30.877,S2,[TX] S2:DATA:1
07:10:30.913,S1,[IGNORE] S2:DATA:1
07:10:30.915,MASTER,[RX] S2:DATA:1 | RSSI: -64 dBm | SNR: 9.50 dB
07:10:30.917,MASTER,--- STATISTIK ---
07:10:30.918,MASTER,S1: OK=1 | FAIL=0 | Data: 1
07:10:30.921,MASTER,S2: OK=1 | FAIL=0 | Data: 1
07:10:30.923,MASTER,Durasi siklus: 153 ms
07:10:30.927,MASTER,========================================
07:10:31.425,MASTER,========================================
07:10:31.426,MASTER,=== CYCLE 2 ===
07:10:31.427,MASTER,[TX] POLL:1
07:10:31.457,S2,[IGNORE] POLL:1
07:10:31.459,S1,[RX] POLL:1 | RSSI: -59 dBm | SNR: 11.50 dB | RX#: 2
07:10:31.460,S1,[TX] S1:DATA:2
07:10:31.497,S2,[IGNORE] S1:DATA:2
07:10:31.500,MASTER,[RX] S1:DATA:2 | RSSI: -53 dBm | SNR: 9.50 dB
07:10:31.500,MASTER,[TX] POLL:2
07:10:31.531,S1,[IGNORE] POLL:2
07:10:31.533,S2,[RX] POLL:2 | RSSI: -68 dBm | SNR: 9.25 dB | RX#: 2
07:10:31.534,S2,[TX] S2:DATA:2
07:10:31.570,S1,[IGNORE] S2:DATA:2
07:10:31.572,MASTER,[RX] S2:DATA:2 | RSSI: -64 dBm | SNR: 9.75 dB
07:10:31.575,MASTER,--- STATISTIK ---
07:10:31.575,MASTER,S1: OK=2 | FAIL=0 | Data: 2
07:10:31.578,MASTER,S2: OK=2 | FAIL=0 | Data: 2
07:10:31.580,MASTER,Durasi siklus: 147 ms
07:10:31.584,MASTER,========================================
07:10:32.083,MASTER,========================================
07:10:32.083,MASTER,=== CYCLE 3 ===
07:10:32.085,MASTER,[TX] POLL:1
07:10:32.114,S2,[IGNORE] POLL:1
07:10:32.117,S1,[RX] POLL:1 | RSSI: -59 dBm | SNR: 9.25 dB | RX#: 3
07:10:32.118,S1,[TX] S1:DATA:3
07:10:32.154,S2,[IGNORE] S1:DATA:3
07:10:32.158,MASTER,[RX] S1:DATA:3 | RSSI: -41 dBm | SNR: 9.75 dB
07:10:32.158,MASTER,[TX] POLL:2
07:10:32.188,S1,[IGNORE] POLL:2
07:10:32.190,S2,[RX] POLL:2 | RSSI: -67 dBm | SNR: 9.00 dB | RX#: 3
07:10:32.191,S2,[TX] S2:DATA:3
07:10:32.227,S1,[IGNORE] S2:DATA:3
07:10:32.230,MASTER,[RX] S2:DATA:3 | RSSI: -64 dBm | SNR: 9.50 dB
07:10:32.232,MASTER,--- STATISTIK ---
07:10:32.233,MASTER,S1: OK=3 | FAIL=0 | Data: 3
07:10:32.236,MASTER,S2: OK=3 | FAIL=0 | Data: 3
07:10:32.238,MASTER,Durasi siklus: 147 ms
07:10:32.242,MASTER,========================================
07:10:32.741,MASTER,========================================
07:10:32.742,MASTER,=== CYCLE 4 ===
07:10:32.742,MASTER,[TX] POLL:1
07:10:32.771,S2,[IGNORE] POLL:1
07:10:32.774,S1,[RX] POLL:1 | RSSI: -59 dBm | SNR: 9.50 dB | RX#: 4
07:10:32.775,S1,[TX] S1:DATA:4
07:10:32.813,S2,[IGNORE] S1:DATA:4
07:10:32.815,MASTER,[RX] S1:DATA:4 | RSSI: -53 dBm | SNR: 9.50 dB
07:10:32.816,MASTER,[TX] POLL:2
07:10:32.845,S1,[IGNORE] POLL:2
07:10:32.847,S2,[RX] POLL:2 | RSSI: -67 dBm | SNR: 9.00 dB | RX#: 4
07:10:32.849,S2,[TX] S2:DATA:4
07:10:32.885,S1,[IGNORE] S2:DATA:4
07:10:32.888,MASTER,[RX] S2:DATA:4 | RSSI: -64 dBm | SNR: 9.50 dB
07:10:32.890,MASTER,--- STATISTIK ---
07:10:32.890,MASTER,S1: OK=4 | FAIL=0 | Data: 4
07:10:32.892,MASTER,S2: OK=4 | FAIL=0 | Data: 4
07:10:32.895,MASTER,Durasi siklus: 148 ms
07:10:32.899,MASTER,========================================
07:10:33.398,MASTER,========================================
07:10:33.398,MASTER,=== CYCLE 5 ===
07:10:33.399,MASTER,[TX] POLL:1
07:10:33.430,S2,[IGNORE] POLL:1
07:10:33.431,S1,[RX] POLL:1 | RSSI: -59 dBm | SNR: 9.25 dB | RX#: 5
07:10:33.433,S1,[TX] S1:DATA:5
07:10:33.470,S2,[IGNORE] S1:DATA:5
07:10:33.472,MASTER,[RX] S1:DATA:5 | RSSI: -53 dBm | SNR: 9.50 dB
07:10:33.472,MASTER,[TX] POLL:2
07:10:33.502,S1,[IGNORE] POLL:2
07:10:33.505,S2,[RX] POLL:2 | RSSI: -67 dBm | SNR: 9.00 dB | RX#: 5
07:10:33.506,S2,[TX] S2:DATA:5
07:10:33.542,S1,[IGNORE] S2:DATA:5
07:10:33.544,MASTER,[RX] S2:DATA:5 | RSSI: -64 dBm | SNR: 9.50 dB
07:10:33.547,MASTER,--- STATISTIK ---
07:10:33.547,MASTER,S1: OK=5 | FAIL=0 | Data: 5
07:10:33.550,MASTER,S2: OK=5 | FAIL=0 | Data: 5
07:10:33.553,MASTER,Durasi siklus: 147 ms
07:10:33.557,MASTER,========================================
07:10:34.056,MASTER,========================================
07:10:34.057,MASTER,=== CYCLE 6 ===
07:10:34.058,MASTER,[TX] POLL:1
07:10:34.087,S2,[IGNORE] POLL:1
07:10:34.089,S1,[RX] POLL:1 | RSSI: -58 dBm | SNR: 9.25 dB | RX#: 6
07:10:34.090,S1,[TX] S1:DATA:6
07:10:34.126,S2,[IGNORE] S1:DATA:6
07:10:34.130,MASTER,[RX] S1:DATA:6 | RSSI: -41 dBm | SNR: 9.75 dB
07:10:34.130,MASTER,[TX] POLL:2
07:10:34.164,S1,[IGNORE] POLL:2
07:10:34.165,S2,[RX] POLL:2 | RSSI: -67 dBm | SNR: 8.75 dB | RX#: 6
07:10:34.166,S2,[TX] S2:DATA:6
07:10:34.200,S1,[IGNORE] S2:DATA:6
07:10:34.202,MASTER,[RX] S2:DATA:6 | RSSI: -64 dBm | SNR: 9.25 dB
07:10:34.204,MASTER,--- STATISTIK ---
07:10:34.205,MASTER,S1: OK=6 | FAIL=0 | Data: 6
07:10:34.207,MASTER,S2: OK=6 | FAIL=0 | Data: 6
07:10:34.210,MASTER,Durasi siklus: 148 ms
07:10:34.214,MASTER,========================================
07:10:34.712,MASTER,========================================
07:10:34.713,MASTER,=== CYCLE 7 ===
07:10:34.714,MASTER,[TX] POLL:1
07:10:34.744,S2,[IGNORE] POLL:1
07:10:34.746,S1,[RX] POLL:1 | RSSI: -59 dBm | SNR: 9.00 dB | RX#: 7
07:10:34.747,S1,[TX] S1:DATA:7
07:10:34.783,S2,[IGNORE] S1:DATA:7
07:10:34.786,MASTER,[RX] S1:DATA:7 | RSSI: -53 dBm | SNR: 9.75 dB
07:10:34.787,MASTER,[TX] POLL:2
07:10:34.817,S1,[IGNORE] POLL:2
07:10:34.819,S2,[RX] POLL:2 | RSSI: -67 dBm | SNR: 9.00 dB | RX#: 7
07:10:34.821,S2,[TX] S2:DATA:7
07:10:34.858,S1,[IGNORE] S2:DATA:7
07:10:34.860,MASTER,[RX] S2:DATA:7 | RSSI: -63 dBm | SNR: 9.50 dB
07:10:34.862,MASTER,--- STATISTIK ---
07:10:34.862,MASTER,S1: OK=7 | FAIL=0 | Data: 7
07:10:34.865,MASTER,S2: OK=7 | FAIL=0 | Data: 7
07:10:34.867,MASTER,Durasi siklus: 147 ms
07:10:34.871,MASTER,========================================
07:10:35.371,MASTER,========================================
07:10:35.371,MASTER,=== CYCLE 8 ===
07:10:35.372,MASTER,[TX] POLL:1
07:10:35.401,S2,[IGNORE] POLL:1
07:10:35.404,S1,[RX] POLL:1 | RSSI: -58 dBm | SNR: 9.50 dB | RX#: 8
07:10:35.405,S1,[TX] S1:DATA:8
07:10:35.442,S2,[IGNORE] S1:DATA:8
07:10:35.444,MASTER,[RX] S1:DATA:8 | RSSI: -53 dBm | SNR: 10.00 dB
07:10:35.444,MASTER,[TX] POLL:2
07:10:35.475,S1,[IGNORE] POLL:2
07:10:35.477,S2,[RX] POLL:2 | RSSI: -67 dBm | SNR: 9.00 dB | RX#: 8
07:10:35.478,S2,[TX] S2:DATA:8
07:10:35.514,S1,[IGNORE] S2:DATA:8
07:10:35.517,MASTER,[RX] S2:DATA:8 | RSSI: -63 dBm | SNR: 9.75 dB
07:10:35.519,MASTER,--- STATISTIK ---
07:10:35.519,MASTER,S1: OK=8 | FAIL=0 | Data: 8
07:10:35.522,MASTER,S2: OK=8 | FAIL=0 | Data: 8
07:10:35.525,MASTER,Durasi siklus: 147 ms
07:10:35.528,MASTER,========================================
07:10:36.030,MASTER,========================================
07:10:36.031,MASTER,=== CYCLE 9 ===
07:10:36.031,MASTER,[TX] POLL:1
07:10:36.058,S2,[IGNORE] POLL:1
07:10:36.061,S1,[RX] POLL:1 | RSSI: -58 dBm | SNR: 9.50 dB | RX#: 9
07:10:36.062,S1,[TX] S1:DATA:9
07:10:36.099,S2,[IGNORE] S1:DATA:9
07:10:36.101,MASTER,[RX] S1:DATA:9 | RSSI: -41 dBm | SNR: 9.50 dB
07:10:36.101,MASTER,[TX] POLL:2
07:10:36.132,S1,[IGNORE] POLL:2
07:10:36.134,S2,[RX] POLL:2 | RSSI: -67 dBm | SNR: 8.50 dB | RX#: 9
07:10:36.136,S2,[TX] S2:DATA:9
07:10:36.172,S1,[IGNORE] S2:DATA:9
07:10:36.174,MASTER,[RX] S2:DATA:9 | RSSI: -63 dBm | SNR: 9.75 dB
07:10:36.176,MASTER,--- STATISTIK ---
07:10:36.177,MASTER,S1: OK=9 | FAIL=0 | Data: 9
07:10:36.179,MASTER,S2: OK=9 | FAIL=0 | Data: 9
07:10:36.182,MASTER,Durasi siklus: 148 ms
07:10:36.186,MASTER,========================================
07:10:36.685,MASTER,========================================
07:10:36.685,MASTER,=== CYCLE 10 ===
07:10:36.686,MASTER,[TX] POLL:1
07:10:36.716,S2,[IGNORE] POLL:1
07:10:36.718,S1,[RX] POLL:1 | RSSI: -58 dBm | SNR: 9.00 dB | RX#: 10
07:10:36.720,S1,[TX] S1:DATA:10
07:10:36.756,S2,[IGNORE] S1:DATA:10
07:10:36.759,MASTER,[RX] S1:DATA:10 | RSSI: -52 dBm | SNR: 9.00 dB
07:10:36.760,MASTER,[TX] POLL:2
07:10:36.792,S1,[IGNORE] POLL:2
07:10:36.792,S2,[RX] POLL:2 | RSSI: -67 dBm | SNR: 9.00 dB | RX#: 10
07:10:36.794,S2,[TX] S2:DATA:10
07:10:36.829,S1,[IGNORE] S2:DATA:10
07:10:36.832,MASTER,[RX] S2:DATA:10 | RSSI: -63 dBm | SNR: 9.50 dB
07:10:36.834,MASTER,--- STATISTIK ---
07:10:36.838,MASTER,S1: OK=10 | FAIL=0 | Data: 10
07:10:36.840,MASTER,S2: OK=10 | FAIL=0 | Data: 10
07:10:36.840,MASTER,Durasi siklus: 147 ms
07:10:36.844,MASTER,========================================
07:10:37.343,MASTER,========================================
07:10:37.344,MASTER,=== CYCLE 11 ===
07:10:37.346,MASTER,[TX] POLL:1
07:10:37.375,S2,[IGNORE] POLL:1
07:10:37.376,S1,[RX] POLL:1 | RSSI: -58 dBm | SNR: 9.25 dB | RX#: 11
07:10:37.378,S1,[TX] S1:DATA:11
07:10:37.414,S2,[IGNORE] S1:DATA:11
07:10:37.417,MASTER,[RX] S1:DATA:11 | RSSI: -53 dBm | SNR: 9.25 dB
07:10:37.418,MASTER,[TX] POLL:2
07:10:37.450,S1,[IGNORE] POLL:2
07:10:37.450,S2,[RX] POLL:2 | RSSI: -67 dBm | SNR: 9.00 dB | RX#: 11
07:10:37.453,S2,[TX] S2:DATA:11
07:10:37.488,S1,[IGNORE] S2:DATA:11
07:10:37.490,MASTER,[RX] S2:DATA:11 | RSSI: -63 dBm | SNR: 9.25 dB
07:10:37.493,MASTER,--- STATISTIK ---
07:10:37.495,MASTER,S1: OK=11 | FAIL=0 | Data: 11
07:10:37.498,MASTER,S2: OK=11 | FAIL=0 | Data: 11
07:10:37.498,MASTER,Durasi siklus: 148 ms
07:10:37.502,MASTER,========================================
07:10:38.001,MASTER,========================================
07:10:38.002,MASTER,=== CYCLE 12 ===
07:10:38.004,MASTER,[TX] POLL:1
07:10:38.033,S2,[IGNORE] POLL:1
07:10:38.035,S1,[RX] POLL:1 | RSSI: -59 dBm | SNR: 9.00 dB | RX#: 12
07:10:38.036,S1,[TX] S1:DATA:12
07:10:38.072,S2,[IGNORE] S1:DATA:12
07:10:38.076,MASTER,[RX] S1:DATA:12 | RSSI: -53 dBm | SNR: 9.50 dB
07:10:38.076,MASTER,[TX] POLL:2
07:10:38.107,S1,[IGNORE] POLL:2
07:10:38.110,S2,[RX] POLL:2 | RSSI: -67 dBm | SNR: 8.75 dB | RX#: 12
07:10:38.110,S2,[TX] S2:DATA:12
07:10:38.154,S1,[IGNORE] S2:DATA:12
07:10:38.154,MASTER,[RX] S2:DATA:12 | RSSI: -63 dBm | SNR: 9.50 dB
07:10:38.154,MASTER,--- STATISTIK ---
07:10:38.154,MASTER,S1: OK=12 | FAIL=0 | Data: 12
07:10:38.156,MASTER,S2: OK=12 | FAIL=0 | Data: 12
07:10:38.157,MASTER,Durasi siklus: 147 ms
07:10:38.161,MASTER,========================================
07:10:38.659,MASTER,========================================
07:10:38.660,MASTER,=== CYCLE 13 ===
07:10:38.661,MASTER,[TX] POLL:1
07:10:38.692,S2,[IGNORE] POLL:1
07:10:38.693,S1,[RX] POLL:1 | RSSI: -59 dBm | SNR: 9.00 dB | RX#: 13
07:10:38.695,S1,[TX] S1:DATA:13
07:10:38.730,S2,[IGNORE] S1:DATA:13
07:10:38.734,MASTER,[RX] S1:DATA:13 | RSSI: -53 dBm | SNR: 9.50 dB
07:10:38.735,MASTER,[TX] POLL:2
07:10:38.765,S1,[IGNORE] POLL:2
07:10:38.768,S2,[RX] POLL:2 | RSSI: -66 dBm | SNR: 9.00 dB | RX#: 13
07:10:38.769,S2,[TX] S2:DATA:13
07:10:38.806,S1,[IGNORE] S2:DATA:13
07:10:38.807,MASTER,[RX] S2:DATA:13 | RSSI: -62 dBm | SNR: 9.50 dB
07:10:38.810,MASTER,--- STATISTIK ---
07:10:38.812,MASTER,S1: OK=13 | FAIL=0 | Data: 13
07:10:38.815,MASTER,S2: OK=13 | FAIL=0 | Data: 13
07:10:38.815,MASTER,Durasi siklus: 149 ms
07:10:38.819,MASTER,========================================
07:10:39.318,MASTER,========================================
07:10:39.319,MASTER,=== CYCLE 14 ===
07:10:39.320,MASTER,[TX] POLL:1
07:10:39.350,S2,[IGNORE] POLL:1
07:10:39.352,S1,[RX] POLL:1 | RSSI: -59 dBm | SNR: 9.00 dB | RX#: 14
07:10:39.353,S1,[TX] S1:DATA:14
07:10:39.390,S2,[IGNORE] S1:DATA:14
07:10:39.394,MASTER,[RX] S1:DATA:14 | RSSI: -53 dBm | SNR: 9.50 dB
07:10:39.394,MASTER,[TX] POLL:2
07:10:39.424,S1,[IGNORE] POLL:2
07:10:39.425,S2,[RX] POLL:2 | RSSI: -66 dBm | SNR: 8.75 dB | RX#: 14
07:10:39.427,S2,[TX] S2:DATA:14
07:10:39.464,S1,[IGNORE] S2:DATA:14
07:10:39.465,MASTER,[RX] S2:DATA:14 | RSSI: -63 dBm | SNR: 9.25 dB
07:10:39.468,MASTER,--- STATISTIK ---
07:10:39.470,MASTER,S1: OK=14 | FAIL=0 | Data: 14
07:10:39.473,MASTER,S2: OK=14 | FAIL=0 | Data: 14
07:10:39.473,MASTER,Durasi siklus: 148 ms
07:10:39.482,MASTER,========================================
07:10:39.976,MASTER,========================================
07:10:39.977,MASTER,=== CYCLE 15 ===
07:10:39.978,MASTER,[TX] POLL:1
07:10:40.007,S2,[IGNORE] POLL:1
07:10:40.015,S1,[RX] POLL:1 | RSSI: -59 dBm | SNR: 9.00 dB | RX#: 15
07:10:40.015,S1,[TX] S1:DATA:15
07:10:40.047,S2,[IGNORE] S1:DATA:15
07:10:40.051,MASTER,[RX] S1:DATA:15 | RSSI: -53 dBm | SNR: 9.25 dB
07:10:40.051,MASTER,[TX] POLL:2
07:10:40.081,S1,[IGNORE] POLL:2
07:10:40.083,S2,[RX] POLL:2 | RSSI: -66 dBm | SNR: 8.75 dB | RX#: 15
07:10:40.085,S2,[TX] S2:DATA:15
07:10:40.121,S1,[IGNORE] S2:DATA:15
07:10:40.123,MASTER,[RX] S2:DATA:15 | RSSI: -62 dBm | SNR: 9.25 dB
07:10:40.126,MASTER,--- STATISTIK ---
07:10:40.129,MASTER,S1: OK=15 | FAIL=0 | Data: 15
07:10:40.131,MASTER,S2: OK=15 | FAIL=0 | Data: 15
07:10:40.132,MASTER,Durasi siklus: 148 ms
07:10:40.135,MASTER,========================================
07:10:40.634,MASTER,========================================
07:10:40.634,MASTER,=== CYCLE 16 ===
07:10:40.636,MASTER,[TX] POLL:1
07:10:40.665,S2,[IGNORE] POLL:1
07:10:40.668,S1,[RX] POLL:1 | RSSI: -59 dBm | SNR: 9.00 dB | RX#: 16
07:10:40.670,S1,[TX] S1:DATA:16
07:10:40.706,S2,[IGNORE] S1:DATA:16
07:10:40.709,MASTER,[RX] S1:DATA:16 | RSSI: -53 dBm | SNR: 9.25 dB
07:10:40.709,MASTER,[TX] POLL:2
07:10:40.739,S1,[IGNORE] POLL:2
07:10:40.742,S2,[RX] POLL:2 | RSSI: -66 dBm | SNR: 8.75 dB | RX#: 16
07:10:40.743,S2,[TX] S2:DATA:16
07:10:40.779,S1,[IGNORE] S2:DATA:16
07:10:40.782,MASTER,[RX] S2:DATA:16 | RSSI: -63 dBm | SNR: 9.50 dB
07:10:40.784,MASTER,--- STATISTIK ---
07:10:40.787,MASTER,S1: OK=16 | FAIL=0 | Data: 16
07:10:40.790,MASTER,S2: OK=16 | FAIL=0 | Data: 16
07:10:40.790,MASTER,Durasi siklus: 149 ms
07:10:40.794,MASTER,========================================
07:10:41.293,MASTER,========================================
07:10:41.293,MASTER,=== CYCLE 17 ===
07:10:41.295,MASTER,[TX] POLL:1
07:10:41.324,S2,[IGNORE] POLL:1
07:10:41.326,S1,[RX] POLL:1 | RSSI: -59 dBm | SNR: 9.00 dB | RX#: 17
07:10:41.328,S1,[TX] S1:DATA:17
07:10:41.364,S2,[IGNORE] S1:DATA:17
07:10:41.367,MASTER,[RX] S1:DATA:17 | RSSI: -53 dBm | SNR: 9.50 dB
07:10:41.367,MASTER,[TX] POLL:2
07:10:41.397,S1,[IGNORE] POLL:2
07:10:41.400,S2,[RX] POLL:2 | RSSI: -66 dBm | SNR: 9.00 dB | RX#: 17
07:10:41.402,S2,[TX] S2:DATA:17
07:10:41.437,S1,[IGNORE] S2:DATA:17
07:10:41.440,MASTER,[RX] S2:DATA:17 | RSSI: -63 dBm | SNR: 9.25 dB
07:10:41.443,MASTER,--- STATISTIK ---
07:10:41.445,MASTER,S1: OK=17 | FAIL=0 | Data: 17
07:10:41.448,MASTER,S2: OK=17 | FAIL=0 | Data: 17
07:10:41.448,MASTER,Durasi siklus: 148 ms
07:10:41.452,MASTER,========================================
07:10:41.951,MASTER,========================================
07:10:41.952,MASTER,=== CYCLE 18 ===
07:10:41.953,MASTER,[TX] POLL:1
07:10:41.982,S2,[IGNORE] POLL:1
07:10:41.985,S1,[RX] POLL:1 | RSSI: -59 dBm | SNR: 9.25 dB | RX#: 18
07:10:41.986,S1,[TX] S1:DATA:18
07:10:42.022,S2,[IGNORE] S1:DATA:18
07:10:42.026,MASTER,[RX] S1:DATA:18 | RSSI: -53 dBm | SNR: 9.75 dB
07:10:42.026,MASTER,[TX] POLL:2
07:10:42.057,S1,[IGNORE] POLL:2
07:10:42.058,S2,[RX] POLL:2 | RSSI: -66 dBm | SNR: 9.00 dB | RX#: 18
07:10:42.060,S2,[TX] S2:DATA:18
07:10:42.097,S1,[IGNORE] S2:DATA:18
07:10:42.098,MASTER,[RX] S2:DATA:18 | RSSI: -63 dBm | SNR: 9.75 dB
07:10:42.101,MASTER,--- STATISTIK ---
07:10:42.104,MASTER,S1: OK=18 | FAIL=0 | Data: 18
07:10:42.106,MASTER,S2: OK=18 | FAIL=0 | Data: 18
07:10:42.107,MASTER,Durasi siklus: 149 ms
07:10:42.111,MASTER,========================================
07:10:42.610,MASTER,========================================
07:10:42.610,MASTER,=== CYCLE 19 ===
07:10:42.612,MASTER,[TX] POLL:1
07:10:42.641,S2,[IGNORE] POLL:1
07:10:42.644,S1,[RX] POLL:1 | RSSI: -59 dBm | SNR: 9.25 dB | RX#: 19
07:10:42.646,S1,[TX] S1:DATA:19
07:10:42.680,S2,[IGNORE] S1:DATA:19
07:10:42.684,MASTER,[RX] S1:DATA:19 | RSSI: -53 dBm | SNR: 9.50 dB
07:10:42.684,MASTER,[TX] POLL:2
07:10:42.714,S1,[IGNORE] POLL:2
07:10:42.717,S2,[RX] POLL:2 | RSSI: -66 dBm | SNR: 9.00 dB | RX#: 19
07:10:42.719,S2,[TX] S2:DATA:19
07:10:42.755,S1,[IGNORE] S2:DATA:19
07:10:42.757,MASTER,[RX] S2:DATA:19 | RSSI: -63 dBm | SNR: 9.50 dB
07:10:42.759,MASTER,--- STATISTIK ---
07:10:42.762,MASTER,S1: OK=19 | FAIL=0 | Data: 19
07:10:42.765,MASTER,S2: OK=19 | FAIL=0 | Data: 19
07:10:42.765,MASTER,Durasi siklus: 148 ms
07:10:42.769,MASTER,========================================
07:10:43.269,MASTER,========================================
07:10:43.269,MASTER,=== CYCLE 20 ===
07:10:43.270,MASTER,[TX] POLL:1
07:10:43.301,S2,[IGNORE] POLL:1
07:10:43.301,S1,[RX] POLL:1 | RSSI: -59 dBm | SNR: 9.00 dB | RX#: 20
07:10:43.304,S1,[TX] S1:DATA:20
07:10:43.339,S2,[IGNORE] S1:DATA:20
07:10:43.342,MASTER,[RX] S1:DATA:20 | RSSI: -53 dBm | SNR: 9.25 dB
07:10:43.343,MASTER,[TX] POLL:2
07:10:43.374,S1,[IGNORE] POLL:2
07:10:43.375,S2,[RX] POLL:2 | RSSI: -67 dBm | SNR: 9.25 dB | RX#: 20
07:10:43.377,S2,[TX] S2:DATA:20
07:10:43.414,S1,[IGNORE] S2:DATA:20
07:10:43.415,MASTER,[RX] S2:DATA:20 | RSSI: -63 dBm | SNR: 9.00 dB
07:10:43.418,MASTER,--- STATISTIK ---
07:10:43.421,MASTER,S1: OK=20 | FAIL=0 | Data: 20
07:10:43.424,MASTER,S2: OK=20 | FAIL=0 | Data: 20
07:10:43.425,MASTER,Durasi siklus: 149 ms
07:10:43.427,MASTER,========================================
07:10:43.928,MASTER,========================================
07:10:43.929,MASTER,=== CYCLE 21 ===
07:10:43.929,MASTER,[TX] POLL:1
07:10:43.957,S2,[IGNORE] POLL:1
07:10:43.960,S1,[RX] POLL:1 | RSSI: -59 dBm | SNR: 9.00 dB | RX#: 21
07:10:43.962,S1,[TX] S1:DATA:21
07:10:43.998,S2,[IGNORE] S1:DATA:21
07:10:44.001,MASTER,[RX] S1:DATA:21 | RSSI: -53 dBm | SNR: 9.75 dB
07:10:44.001,MASTER,[TX] POLL:2
07:10:44.032,S1,[IGNORE] POLL:2
07:10:44.033,S2,[RX] POLL:2 | RSSI: -66 dBm | SNR: 8.75 dB | RX#: 21
07:10:44.035,S2,[TX] S2:DATA:21
07:10:44.071,S1,[IGNORE] S2:DATA:21
07:10:44.073,MASTER,[RX] S2:DATA:21 | RSSI: -63 dBm | SNR: 9.50 dB
07:10:44.077,MASTER,--- STATISTIK ---
07:10:44.079,MASTER,S1: OK=21 | FAIL=0 | Data: 21
07:10:44.081,MASTER,S2: OK=21 | FAIL=0 | Data: 21
07:10:44.082,MASTER,Durasi siklus: 147 ms
07:10:44.085,MASTER,========================================
07:10:44.585,MASTER,========================================
07:10:44.585,MASTER,=== CYCLE 22 ===
07:10:44.586,MASTER,[TX] POLL:1
07:10:44.616,S2,[IGNORE] POLL:1
07:10:44.618,S1,[RX] POLL:1 | RSSI: -59 dBm | SNR: 8.75 dB | RX#: 22
07:10:44.620,S1,[TX] S1:DATA:22
07:10:44.656,S2,[IGNORE] S1:DATA:22
07:10:44.660,MASTER,[RX] S1:DATA:22 | RSSI: -53 dBm | SNR: 9.25 dB
07:10:44.660,MASTER,[TX] POLL:2
07:10:44.689,S1,[IGNORE] POLL:2
07:10:44.692,S2,[RX] POLL:2 | RSSI: -66 dBm | SNR: 8.75 dB | RX#: 22
07:10:44.693,S2,[TX] S2:DATA:22
07:10:44.730,S1,[IGNORE] S2:DATA:22
07:10:44.732,MASTER,[RX] S2:DATA:22 | RSSI: -63 dBm | SNR: 9.25 dB
07:10:44.735,MASTER,--- STATISTIK ---
07:10:44.737,MASTER,S1: OK=22 | FAIL=0 | Data: 22
07:10:44.740,MASTER,S2: OK=22 | FAIL=0 | Data: 22
07:10:44.741,MASTER,Durasi siklus: 147 ms
07:10:44.744,MASTER,========================================
07:10:45.243,MASTER,========================================
07:10:45.244,MASTER,=== CYCLE 23 ===
07:10:45.245,MASTER,[TX] POLL:1
07:10:45.274,S2,[IGNORE] POLL:1
07:10:45.277,S1,[RX] POLL:1 | RSSI: -59 dBm | SNR: 9.00 dB | RX#: 23
07:10:45.278,S1,[TX] S1:DATA:23
07:10:45.314,S2,[IGNORE] S1:DATA:23
07:10:45.317,MASTER,[RX] S1:DATA:23 | RSSI: -53 dBm | SNR: 9.50 dB
07:10:45.318,MASTER,[TX] POLL:2
07:10:45.348,S1,[IGNORE] POLL:2
07:10:45.351,S2,[RX] POLL:2 | RSSI: -67 dBm | SNR: 9.00 dB | RX#: 23
07:10:45.352,S2,[TX] S2:DATA:23
07:10:45.388,S1,[IGNORE] S2:DATA:23
07:10:45.390,MASTER,[RX] S2:DATA:23 | RSSI: -63 dBm | SNR: 9.25 dB
07:10:45.393,MASTER,--- STATISTIK ---
07:10:45.396,MASTER,S1: OK=23 | FAIL=0 | Data: 23
07:10:45.398,MASTER,S2: OK=23 | FAIL=0 | Data: 23
07:10:45.399,MASTER,Durasi siklus: 148 ms
07:10:45.402,MASTER,========================================
07:10:45.901,MASTER,========================================
07:10:45.901,MASTER,=== CYCLE 24 ===
07:10:45.903,MASTER,[TX] POLL:1
07:10:45.933,S2,[IGNORE] POLL:1
07:10:45.935,S1,[RX] POLL:1 | RSSI: -59 dBm | SNR: 9.00 dB | RX#: 24
07:10:45.936,S1,[TX] S1:DATA:24
07:10:45.973,S2,[IGNORE] S1:DATA:24
07:10:45.975,MASTER,[RX] S1:DATA:24 | RSSI: -53 dBm | SNR: 9.50 dB
07:10:45.976,MASTER,[TX] POLL:2
07:10:46.006,S1,[IGNORE] POLL:2
07:10:46.008,S2,[RX] POLL:2 | RSSI: -66 dBm | SNR: 8.75 dB | RX#: 24
07:10:46.010,S2,[TX] S2:DATA:24
07:10:46.047,S1,[IGNORE] S2:DATA:24
07:10:46.048,MASTER,[RX] S2:DATA:24 | RSSI: -63 dBm | SNR: 9.50 dB
07:10:46.051,MASTER,--- STATISTIK ---
07:10:46.054,MASTER,S1: OK=24 | FAIL=0 | Data: 24
07:10:46.056,MASTER,S2: OK=24 | FAIL=0 | Data: 24
07:10:46.057,MASTER,Durasi siklus: 148 ms
07:10:46.060,MASTER,========================================
07:10:46.559,MASTER,========================================
07:10:46.560,MASTER,=== CYCLE 25 ===
07:10:46.561,MASTER,[TX] POLL:1
07:10:46.591,S2,[IGNORE] POLL:1
07:10:46.593,S1,[RX] POLL:1 | RSSI: -59 dBm | SNR: 9.00 dB | RX#: 25
07:10:46.595,S1,[TX] S1:DATA:25
07:10:46.631,S2,[IGNORE] S1:DATA:25
07:10:46.634,MASTER,[RX] S1:DATA:25 | RSSI: -53 dBm | SNR: 9.75 dB
07:10:46.634,MASTER,[TX] POLL:2
07:10:46.665,S1,[IGNORE] POLL:2
07:10:46.667,S2,[RX] POLL:2 | RSSI: -67 dBm | SNR: 8.50 dB | RX#: 25
07:10:46.668,S2,[TX] S2:DATA:25
07:10:46.705,S1,[IGNORE] S2:DATA:25
07:10:46.707,MASTER,[RX] S2:DATA:25 | RSSI: -63 dBm | SNR: 9.25 dB
07:10:46.710,MASTER,--- STATISTIK ---
07:10:46.712,MASTER,S1: OK=25 | FAIL=0 | Data: 25
07:10:46.715,MASTER,S2: OK=25 | FAIL=0 | Data: 25
07:10:46.715,MASTER,Durasi siklus: 149 ms
07:10:46.719,MASTER,========================================
07:10:47.218,MASTER,========================================
07:10:47.218,MASTER,=== CYCLE 26 ===
07:10:47.219,MASTER,[TX] POLL:1
07:10:47.249,S2,[IGNORE] POLL:1
07:10:47.252,S1,[RX] POLL:1 | RSSI: -59 dBm | SNR: 9.50 dB | RX#: 26
07:10:47.253,S1,[TX] S1:DATA:26
07:10:47.289,S2,[IGNORE] S1:DATA:26
07:10:47.292,MASTER,[RX] S1:DATA:26 | RSSI: -53 dBm | SNR: 9.75 dB
07:10:47.292,MASTER,[TX] POLL:2
07:10:47.323,S1,[IGNORE] POLL:2
07:10:47.325,S2,[RX] POLL:2 | RSSI: -67 dBm | SNR: 9.00 dB | RX#: 26
07:10:47.327,S2,[TX] S2:DATA:26
07:10:47.364,S1,[IGNORE] S2:DATA:26
07:10:47.365,MASTER,[RX] S2:DATA:26 | RSSI: -63 dBm | SNR: 9.50 dB
07:10:47.368,MASTER,--- STATISTIK ---
07:10:47.371,MASTER,S1: OK=26 | FAIL=0 | Data: 26
07:10:47.373,MASTER,S2: OK=26 | FAIL=0 | Data: 26
07:10:47.374,MASTER,Durasi siklus: 148 ms
07:10:47.377,MASTER,========================================
07:10:47.876,MASTER,========================================
07:10:47.877,MASTER,=== CYCLE 27 ===
07:10:47.878,MASTER,[TX] POLL:1
07:10:47.908,S2,[IGNORE] POLL:1
07:10:47.910,S1,[RX] POLL:1 | RSSI: -59 dBm | SNR: 8.75 dB | RX#: 27
07:10:47.912,S1,[TX] S1:DATA:27
07:10:47.947,S2,[IGNORE] S1:DATA:27
07:10:47.951,MASTER,[RX] S1:DATA:27 | RSSI: -53 dBm | SNR: 9.50 dB
07:10:47.951,MASTER,[TX] POLL:2
07:10:47.982,S1,[IGNORE] POLL:2
07:10:47.983,S2,[RX] POLL:2 | RSSI: -67 dBm | SNR: 9.00 dB | RX#: 27
07:10:47.985,S2,[TX] S2:DATA:27
07:10:48.021,S1,[IGNORE] S2:DATA:27
07:10:48.023,MASTER,[RX] S2:DATA:27 | RSSI: -63 dBm | SNR: 9.50 dB
07:10:48.026,MASTER,--- STATISTIK ---
07:10:48.029,MASTER,S1: OK=27 | FAIL=0 | Data: 27
07:10:48.031,MASTER,S2: OK=27 | FAIL=0 | Data: 27
07:10:48.032,MASTER,Durasi siklus: 149 ms
07:10:48.035,MASTER,========================================
07:10:48.534,MASTER,========================================
07:10:48.535,MASTER,=== CYCLE 28 ===
07:10:48.536,MASTER,[TX] POLL:1
07:10:48.566,S2,[IGNORE] POLL:1
07:10:48.568,S1,[RX] POLL:1 | RSSI: -59 dBm | SNR: 9.25 dB | RX#: 28
07:10:48.570,S1,[TX] S1:DATA:28
07:10:48.606,S2,[IGNORE] S1:DATA:28
07:10:48.609,MASTER,[RX] S1:DATA:28 | RSSI: -53 dBm | SNR: 9.25 dB
07:10:48.609,MASTER,[TX] POLL:2
07:10:48.640,S1,[IGNORE] POLL:2
07:10:48.642,S2,[RX] POLL:2 | RSSI: -67 dBm | SNR: 9.00 dB | RX#: 28
07:10:48.644,S2,[TX] S2:DATA:28
07:10:48.680,S1,[IGNORE] S2:DATA:28
07:10:48.682,MASTER,[RX] S2:DATA:28 | RSSI: -63 dBm | SNR: 9.50 dB
07:10:48.685,MASTER,--- STATISTIK ---
07:10:48.687,MASTER,S1: OK=28 | FAIL=0 | Data: 28
07:10:48.690,MASTER,S2: OK=28 | FAIL=0 | Data: 28
07:10:48.690,MASTER,Durasi siklus: 148 ms
07:10:48.694,MASTER,========================================
07:10:49.193,MASTER,========================================
07:10:49.194,MASTER,=== CYCLE 29 ===
07:10:49.195,MASTER,[TX] POLL:1
07:10:49.224,S2,[IGNORE] POLL:1
07:10:49.227,S1,[RX] POLL:1 | RSSI: -59 dBm | SNR: 8.75 dB | RX#: 29
07:10:49.228,S1,[TX] S1:DATA:29
07:10:49.264,S2,[IGNORE] S1:DATA:29
07:10:49.268,MASTER,[RX] S1:DATA:29 | RSSI: -53 dBm | SNR: 9.75 dB
07:10:49.268,MASTER,[TX] POLL:2
07:10:49.298,S1,[IGNORE] POLL:2
07:10:49.301,S2,[RX] POLL:2 | RSSI: -67 dBm | SNR: 8.75 dB | RX#: 29
07:10:49.302,S2,[TX] S2:DATA:29
07:10:49.338,S1,[IGNORE] S2:DATA:29
07:10:49.340,MASTER,[RX] S2:DATA:29 | RSSI: -63 dBm | SNR: 9.50 dB
07:10:49.343,MASTER,--- STATISTIK ---
07:10:49.345,MASTER,S1: OK=29 | FAIL=0 | Data: 29
07:10:49.349,MASTER,S2: OK=29 | FAIL=0 | Data: 29
07:10:49.350,MASTER,Durasi siklus: 148 ms
07:10:49.352,MASTER,========================================
07:10:49.851,MASTER,========================================
07:10:49.852,MASTER,=== CYCLE 30 ===
07:10:49.854,MASTER,[TX] POLL:1
07:10:49.883,S2,[IGNORE] POLL:1
07:10:49.885,S1,[RX] POLL:1 | RSSI: -59 dBm | SNR: 8.75 dB | RX#: 30
07:10:49.887,S1,[TX] S1:DATA:30
07:10:49.923,S2,[IGNORE] S1:DATA:30
07:10:49.926,MASTER,[RX] S1:DATA:30 | RSSI: -53 dBm | SNR: 9.50 dB
07:10:49.926,MASTER,[TX] POLL:2
07:10:49.958,S1,[IGNORE] POLL:2
07:10:49.959,S2,[RX] POLL:2 | RSSI: -67 dBm | SNR: 9.00 dB | RX#: 30
07:10:49.960,S2,[TX] S2:DATA:30
07:10:49.996,S1,[IGNORE] S2:DATA:30
07:10:49.998,MASTER,[RX] S2:DATA:30 | RSSI: -63 dBm | SNR: 9.25 dB
07:10:50.001,MASTER,--- STATISTIK ---
07:10:50.004,MASTER,S1: OK=30 | FAIL=0 | Data: 30
07:10:50.006,MASTER,S2: OK=30 | FAIL=0 | Data: 30
07:10:50.007,MASTER,Durasi siklus: 148 ms
07:10:50.010,MASTER,========================================
07:10:50.510,MASTER,========================================
07:10:50.510,MASTER,=== CYCLE 31 ===
07:10:50.511,MASTER,[TX] POLL:1
07:10:50.541,S2,[IGNORE] POLL:1
07:10:50.544,S1,[RX] POLL:1 | RSSI: -56 dBm | SNR: 8.50 dB | RX#: 31
07:10:50.545,S1,[TX] S1:DATA:31
07:10:50.581,S2,[IGNORE] S1:DATA:31
07:10:50.584,MASTER,[RX] S1:DATA:31 | RSSI: -53 dBm | SNR: 9.50 dB
07:10:50.584,MASTER,[TX] POLL:2
07:10:50.615,S1,[IGNORE] POLL:2
07:10:50.617,S2,[RX] POLL:2 | RSSI: -67 dBm | SNR: 8.75 dB | RX#: 31
07:10:50.619,S2,[TX] S2:DATA:31
07:10:50.655,S1,[IGNORE] S2:DATA:31
07:10:50.657,MASTER,[RX] S2:DATA:31 | RSSI: -63 dBm | SNR: 9.50 dB
07:10:50.659,MASTER,--- STATISTIK ---
07:10:50.662,MASTER,S1: OK=31 | FAIL=0 | Data: 31
07:10:50.665,MASTER,S2: OK=31 | FAIL=0 | Data: 31
07:10:50.665,MASTER,Durasi siklus: 147 ms
07:10:50.669,MASTER,========================================
07:10:51.171,MASTER,========================================
07:10:51.171,MASTER,=== CYCLE 32 ===
07:10:51.171,MASTER,[TX] POLL:1
07:10:51.200,S2,[IGNORE] POLL:1
07:10:51.202,S1,[RX] POLL:1 | RSSI: -59 dBm | SNR: 8.75 dB | RX#: 32
07:10:51.203,S1,[TX] S1:DATA:32
07:10:51.239,S2,[IGNORE] S1:DATA:32
07:10:51.242,MASTER,[RX] S1:DATA:32 | RSSI: -53 dBm | SNR: 9.00 dB
07:10:51.242,MASTER,[TX] POLL:2
07:10:51.273,S1,[IGNORE] POLL:2
07:10:51.275,S2,[RX] POLL:2 | RSSI: -67 dBm | SNR: 8.50 dB | RX#: 32
07:10:51.277,S2,[TX] S2:DATA:32
07:10:51.313,S1,[IGNORE] S2:DATA:32
07:10:51.315,MASTER,[RX] S2:DATA:32 | RSSI: -63 dBm | SNR: 9.25 dB
07:10:51.318,MASTER,--- STATISTIK ---
07:10:51.320,MASTER,S1: OK=32 | FAIL=0 | Data: 32
07:10:51.323,MASTER,S2: OK=32 | FAIL=0 | Data: 32
07:10:51.323,MASTER,Durasi siklus: 148 ms
07:10:51.327,MASTER,========================================
07:10:51.826,MASTER,========================================
07:10:51.826,MASTER,=== CYCLE 33 ===
07:10:51.828,MASTER,[TX] POLL:1
07:10:51.857,S2,[IGNORE] POLL:1
07:10:51.860,S1,[RX] POLL:1 | RSSI: -59 dBm | SNR: 9.00 dB | RX#: 33
07:10:51.861,S1,[TX] S1:DATA:33
07:10:51.897,S2,[IGNORE] S1:DATA:33
07:10:51.900,MASTER,[RX] S1:DATA:33 | RSSI: -53 dBm | SNR: 9.00 dB
07:10:51.900,MASTER,[TX] POLL:2
07:10:51.931,S1,[IGNORE] POLL:2
07:10:51.933,S2,[RX] POLL:2 | RSSI: -67 dBm | SNR: 8.75 dB | RX#: 33
07:10:51.935,S2,[TX] S2:DATA:33
07:10:51.971,S1,[IGNORE] S2:DATA:33
07:10:51.973,MASTER,[RX] S2:DATA:33 | RSSI: -63 dBm | SNR: 9.25 dB
07:10:51.976,MASTER,--- STATISTIK ---
07:10:51.979,MASTER,S1: OK=33 | FAIL=0 | Data: 33
07:10:51.981,MASTER,S2: OK=33 | FAIL=0 | Data: 33
07:10:51.982,MASTER,Durasi siklus: 147 ms
07:10:51.985,MASTER,========================================
07:10:52.485,MASTER,========================================
07:10:52.485,MASTER,=== CYCLE 34 ===
07:10:52.487,MASTER,[TX] POLL:1
07:10:52.515,S2,[IGNORE] POLL:1
07:10:52.518,S1,[RX] POLL:1 | RSSI: -59 dBm | SNR: 9.00 dB | RX#: 34
07:10:52.519,S1,[TX] S1:DATA:34
07:10:52.555,S2,[IGNORE] S�:DATA:34
07:10:52.559,MASTER,[RX] S1:DATA:34 | RSSI: -53 dBm | SNR: 9.50 dB
07:10:52.559,MASTER,[TX] POLL:2
07:10:52.590,S1,[IGNORE] POLL:2
07:10:52.592,S2,[RX] POLL:2 | RSSI: -67 dBm | SNR: 7.25 dB | RX#: 34
07:10:52.594,S2,[TX] S2:DATA:34
07:10:52.629,S1,[IGNORE] S2:DATA:34
07:10:52.632,MASTER,[RX] S2:DATA:34 | RSSI: -63 dBm | SNR: 9.25 dB
07:10:52.634,MASTER,--- STATISTIK ---
07:10:52.637,MASTER,S1: OK=34 | FAIL=0 | Data: 34
07:10:52.640,MASTER,S2: OK=34 | FAIL=0 | Data: 34
07:10:52.640,MASTER,Durasi siklus: 149 ms
07:10:52.644,MASTER,========================================
07:10:53.143,MASTER,========================================
07:10:53.143,MASTER,=== CYCLE 35 ===
07:10:53.145,MASTER,[TX] POLL:1
07:10:53.173,S2,[IGNORE] POLL:1
07:10:53.176,S1,[RX] POLL:1 | RSSI: -59 dBm | SNR: 9.00 dB | RX#: 35
07:10:53.178,S1,[TX] S1:DATA:35
07:10:53.214,S2,[IGNORE] S1:DATA:35
07:10:53.217,MASTER,[RX] S1:DATA:35 | RSSI: -53 dBm | SNR: 9.75 dB
07:10:53.217,MASTER,[TX] POLL:2
07:10:53.248,S1,[IGNORE] POLL:2
07:10:53.251,S2,[RX] POLL:2 | RSSI: -67 dBm | SNR: 8.75 dB | RX#: 35
07:10:53.252,S2,[TX] S2:DATA:35
07:10:53.292,S1,[IGNORE] S2:DATA:35
07:10:53.292,MASTER,[RX] S2:DATA:35 | RSSI: -63 dBm | SNR: 9.25 dB
07:10:53.293,MASTER,--- STATISTIK ---
07:10:53.295,MASTER,S1: OK=35 | FAIL=0 | Data: 35
07:10:53.298,MASTER,S2: OK=35 | FAIL=0 | Data: 35
07:10:53.298,MASTER,Durasi siklus: 148 ms
07:10:53.302,MASTER,========================================
07:10:53.801,MASTER,========================================
07:10:53.801,MASTER,=== CYCLE 36 ===
07:10:53.803,MASTER,[TX] POLL:1
07:10:53.832,S2,[IGNORE] POLL:1
07:10:53.835,S1,[RX] POLL:1 | RSSI: -59 dBm | SNR: 9.50 dB | RX#: 36
07:10:53.836,S1,[TX] S1:DATA:36
07:10:53.872,S2,[IGNORE] S1:DATA:36
07:10:53.875,MASTER,[RX] S1:DATA:36 | RSSI: -53 dBm | SNR: 9.50 dB
07:10:53.876,MASTER,[TX] POLL:2
07:10:53.906,S1,[IGNORE] POLL:2
07:10:53.908,S2,[RX] POLL:2 | RSSI: -67 dBm | SNR: 9.00 dB | RX#: 36
07:10:53.910,S2,[TX] S2:DATA:36
07:10:53.946,S1,[IGNORE] S2:DATA:36
07:10:53.948,MASTER,[RX] S2:DATA:36 | RSSI: -63 dBm | SNR: 9.50 dB
07:10:53.951,MASTER,--- STATISTIK ---
07:10:53.954,MASTER,S1: OK=36 | FAIL=0 | Data: 36
07:10:53.956,MASTER,S2: OK=36 | FAIL=0 | Data: 36
07:10:53.957,MASTER,Durasi siklus: 148 ms
07:10:53.961,MASTER,========================================
07:10:54.459,MASTER,========================================
07:10:54.460,MASTER,=== CYCLE 37 ===
07:10:54.461,MASTER,[TX] POLL:1
07:10:54.491,S2,[IGNORE] POLL:1
07:10:54.493,S1,[RX] POLL:1 | RSSI: -59 dBm | SNR: 8.75 dB | RX#: 37
07:10:54.495,S1,[TX] S1:DATA:37
07:10:54.531,S2,[IGNORE] S1:DATA:37
07:10:54.534,MASTER,[RX] S1:DATA:37 | RSSI: -53 dBm | SNR: 9.25 dB
07:10:54.535,MASTER,[TX] POLL:2
07:10:54.564,S1,[IGNORE] POLL:2
07:10:54.567,S2,[RX] POLL:2 | RSSI: -67 dBm | SNR: 9.00 dB | RX#: 37
07:10:54.569,S2,[TX] S2:DATA:37
07:10:54.604,S1,[IGNORE] S2:DATA:37
07:10:54.607,MASTER,[RX] S2:DATA:37 | RSSI: -63 dBm | SNR: 9.50 dB
07:10:54.609,MASTER,--- STATISTIK ---
07:10:54.617,MASTER,S1: OK=37 | FAIL=0 | Data: 37
07:10:54.618,MASTER,S2: OK=37 | FAIL=0 | Data: 37
07:10:54.618,MASTER,Durasi siklus: 149 ms
07:10:54.619,MASTER,========================================
07:10:55.118,MASTER,========================================
07:10:55.119,MASTER,=== CYCLE 38 ===
07:10:55.120,MASTER,[TX] POLL:1
07:10:55.153,S2,[IGNORE] POLL:1
07:10:55.154,S1,[RX] POLL:1 | RSSI: -59 dBm | SNR: 8.75 dB | RX#: 38
07:10:55.154,S1,[TX] S1:DATA:38
07:10:55.189,S2,[IGNORE] S1:DATA:38
07:10:55.193,MASTER,[RX] S1:DATA:38 | RSSI: -54 dBm | SNR: 9.50 dB
07:10:55.194,MASTER,[TX] POLL:2
07:10:55.223,S1,[IGNORE] POLL:2
07:10:55.225,S2,[RX] POLL:2 | RSSI: -67 dBm | SNR: 9.25 dB | RX#: 38
07:10:55.227,S2,[TX] S2:DATA:38
07:10:55.264,S1,[IGNORE] S2:DATA:38
07:10:55.266,MASTER,[RX] S2:DATA:38 | RSSI: -63 dBm | SNR: 9.50 dB
07:10:55.269,MASTER,--- STATISTIK ---
07:10:55.271,MASTER,S1: OK=38 | FAIL=0 | Data: 38
07:10:55.274,MASTER,S2: OK=38 | FAIL=0 | Data: 38
07:10:55.274,MASTER,Durasi siklus: 148 ms
07:10:55.278,MASTER,========================================
07:10:55.777,MASTER,========================================
07:10:55.777,MASTER,=== CYCLE 39 ===
07:10:55.779,MASTER,[TX] POLL:1
07:10:55.808,S2,[IGNORE] POLL:1
07:10:55.810,S1,[RX] POLL:1 | RSSI: -59 dBm | SNR: 9.00 dB | RX#: 39
07:10:55.812,S1,[TX] S1:DATA:39
07:10:55.848,S2,[IGNORE] S1:DATA:39
07:10:55.851,MASTER,[RX] S1:DATA:39 | RSSI: -53 dBm | SNR: 9.50 dB
07:10:55.852,MASTER,[TX] POLL:2
07:10:55.882,S1,[IGNORE] POLL:2
07:10:55.884,S2,[RX] POLL:2 | RSSI: -67 dBm | SNR: 8.75 dB | RX#: 39
07:10:55.885,S2,[TX] S2:DATA:39
07:10:55.921,S1,[IGNORE] S2:DATA:39
07:10:55.923,MASTER,[RX] S2:DATA:39 | RSSI: -63 dBm | SNR: 9.50 dB
07:10:55.927,MASTER,--- STATISTIK ---
07:10:55.929,MASTER,S1: OK=39 | FAIL=0 | Data: 39
07:10:55.932,MASTER,S2: OK=39 | FAIL=0 | Data: 39
07:10:55.933,MASTER,Durasi siklus: 149 ms
07:10:55.936,MASTER,========================================
07:10:56.435,MASTER,========================================
07:10:56.435,MASTER,=== CYCLE 40 ===
07:10:56.437,MASTER,[TX] POLL:1
07:10:56.466,S2,[IGNORE] POLL:1
07:10:56.468,S1,[RX] POLL:1 | RSSI: -59 dBm | SNR: 8.75 dB | RX#: 40
07:10:56.470,S1,[TX] S1:DATA:40
07:10:56.506,S2,[IGNORE] S1:DATA:40
07:10:56.509,MASTER,[RX] S1:DATA:40 | RSSI: -53 dBm | SNR: 9.25 dB
07:10:56.509,MASTER,[TX] POLL:2
07:10:56.540,S1,[IGNORE] POLL:2
07:10:56.542,S2,[RX] POLL:2 | RSSI: -67 dBm | SNR: 8.75 dB | RX#: 40
07:10:56.543,S2,[TX] S2:DATA:40
07:10:56.579,S1,[IGNORE] S2:DATA:40
07:10:56.582,MASTER,[RX] S2:DATA:40 | RSSI: -63 dBm | SNR: 9.25 dB
07:10:56.584,MASTER,--- STATISTIK ---
07:10:56.587,MASTER,S1: OK=40 | FAIL=0 | Data: 40
07:10:56.590,MASTER,S2: OK=40 | FAIL=0 | Data: 40
07:10:56.590,MASTER,Durasi siklus: 148 ms
07:10:56.594,MASTER,========================================
07:10:57.093,MASTER,========================================
07:10:57.093,MASTER,=== CYCLE 41 ===
07:10:57.095,MASTER,[TX] POLL:1
07:10:57.124,S2,[IGNORE] POLL:1
07:10:57.126,S1,[RX] POLL:1 | RSSI: -59 dBm | SNR: 9.00 dB | RX#: 41
07:10:57.128,S1,[TX] S1:DATA:41
07:10:57.163,S2,[IGNORE] S1:DATA:41
07:10:57.167,MASTER,[RX] S1:DATA:41 | RSSI: -53 dBm | SNR: 9.75 dB
07:10:57.167,MASTER,[TX] POLL:2
07:10:57.198,S1,[IGNORE] POLL:2
07:10:57.200,S2,[RX] POLL:2 | RSSI: -67 dBm | SNR: 8.75 dB | RX#: 41
07:10:57.202,S2,[TX] S2:DATA:41
07:10:57.237,S1,[IGNORE] S2:DATA:41
07:10:57.240,MASTER,[RX] S2:DATA:41 | RSSI: -63 dBm | SNR: 9.50 dB
07:10:57.243,MASTER,--- STATISTIK ---
07:10:57.245,MASTER,S1: OK=41 | FAIL=0 | Data: 41
07:10:57.248,MASTER,S2: OK=41 | FAIL=0 | Data: 41
07:10:57.249,MASTER,Durasi siklus: 149 ms
07:10:57.252,MASTER,========================================
07:10:57.751,MASTER,========================================
07:10:57.751,MASTER,=== CYCLE 42 ===
07:10:57.753,MASTER,[TX] POLL:1
07:10:57.782,S2,[IGNORE] POLL:1
07:10:57.785,S1,[RX] POLL:1 | RSSI: -59 dBm | SNR: 9.00 dB | RX#: 42
07:10:57.786,S1,[TX] S1:DATA:42
07:10:57.822,S2,[IGNORE] S1:DATA:42
07:10:57.825,MASTER,[RX] S1:DATA:42 | RSSI: -53 dBm | SNR: 9.50 dB
07:10:57.826,MASTER,[TX] POLL:2
07:10:57.856,S1,[IGNORE] POLL:2
07:10:57.859,S2,[RX] POLL:2 | RSSI: -67 dBm | SNR: 9.00 dB | RX#: 42
07:10:57.860,S2,[TX] S2:DATA:42
07:10:57.896,S1,[IGNORE] S2:DATA:42
07:10:57.898,MASTER,[RX] S2:DATA:42 | RSSI: -63 dBm | SNR: 9.25 dB
07:10:57.901,MASTER,--- STATISTIK ---
07:10:57.904,MASTER,S1: OK=42 | FAIL=0 | Data: 42
07:10:57.906,MASTER,S2: OK=42 | FAIL=0 | Data: 42
07:10:57.907,MASTER,Durasi siklus: 147 ms
07:10:57.910,MASTER,========================================
07:10:58.410,MASTER,========================================
07:10:58.411,MASTER,=== CYCLE 43 ===
07:10:58.411,MASTER,[TX] POLL:1
07:10:58.441,S2,[IGNORE] POLL:1
07:10:58.443,S1,[RX] POLL:1 | RSSI: -59 dBm | SNR: 9.00 dB | RX#: 43
07:10:58.445,S1,[TX] S1:DATA:43
07:10:58.481,S2,[IGNORE] S1:DATA:43
07:10:58.484,MASTER,[RX] S1:DATA:43 | RSSI: -53 dBm | SNR: 9.00 dB
07:10:58.484,MASTER,[TX] POLL:2
07:10:58.514,S1,[IGNORE] POLL:2
07:10:58.517,S2,[RX] POLL:2 | RSSI: -67 dBm | SNR: 8.75 dB | RX#: 43
07:10:58.518,S2,[TX] S2:DATA:43
07:10:58.555,S1,[IGNORE] S2:DATA:43
07:10:58.557,MASTER,[RX] S2:DATA:43 | RSSI: -63 dBm | SNR: 9.25 dB
07:10:58.560,MASTER,--- STATISTIK ---
07:10:58.563,MASTER,S1: OK=43 | FAIL=0 | Data: 43
07:10:58.565,MASTER,S2: OK=43 | FAIL=0 | Data: 43
07:10:58.566,MASTER,Durasi siklus: 147 ms
07:10:58.569,MASTER,========================================
07:10:59.068,MASTER,========================================
07:10:59.069,MASTER,=== CYCLE 44 ===
07:10:59.070,MASTER,[TX] POLL:1
07:10:59.100,S2,[IGNORE] POLL:1
07:10:59.101,S1,[RX] POLL:1 | RSSI: -59 dBm | SNR: 8.75 dB | RX#: 44
07:10:59.103,S1,[TX] S1:DATA:44
07:10:59.147,S2,[IGNORE] S�:DATA�44
07:10:59.148,MASTER,[RX] S1:DATA:44 | RSSI: -53 dBm | SNR: 9.25 dB
07:10:59.148,MASTER,[TX] POLL:2
07:10:59.172,S1,[IGNORE] POLL:2
07:10:59.176,S2,[RX] POLL:2 | RSSI: -67 dBm | SNR: 8.75 dB | RX#: 44
07:10:59.177,S2,[TX] S2:DATA:44
07:10:59.213,S1,[IGNORE] S2:DATA:44
07:10:59.216,MASTER,[RX] S2:DATA:44 | RSSI: -63 dBm | SNR: 9.50 dB
07:10:59.218,MASTER,--- STATISTIK ---
07:10:59.221,MASTER,S1: OK=44 | FAIL=0 | Data: 44
07:10:59.223,MASTER,S2: OK=44 | FAIL=0 | Data: 44
07:10:59.224,MASTER,Durasi siklus: 148 ms
07:10:59.227,MASTER,========================================
07:10:59.727,MASTER,========================================
07:10:59.727,MASTER,=== CYCLE 45 ===
07:10:59.728,MASTER,[TX] POLL:1
07:10:59.758,S2,[IGNORE] POLL:1
07:10:59.761,S1,[RX] POLL:1 | RSSI: -59 dBm | SNR: 9.00 dB | RX#: 45
07:10:59.762,S1,[TX] S1:DATA:45
07:10:59.798,S2,[IGNORE] S1:DATA:45
07:10:59.800,MASTER,[RX] S1:DATA:45 | RSSI: -53 dBm | SNR: 9.75 dB
07:10:59.801,MASTER,[TX] POLL:2
07:10:59.832,S1,[IGNORE] POLL:2
07:10:59.834,S2,[RX] POLL:2 | RSSI: -67 dBm | SNR: 9.00 dB | RX#: 45
07:10:59.836,S2,[TX] S2:DATA:45
07:10:59.872,S1,[IGNORE] S2:DATA:45
07:10:59.874,MASTER,[RX] S2:DATA:45 | RSSI: -63 dBm | SNR: 9.50 dB
07:10:59.876,MASTER,--- STATISTIK ---
07:10:59.879,MASTER,S1: OK=45 | FAIL=0 | Data: 45
07:10:59.882,MASTER,S2: OK=45 | FAIL=0 | Data: 45
07:10:59.883,MASTER,Durasi siklus: 148 ms
07:10:59.886,MASTER,========================================
07:11:00.385,MASTER,========================================
07:11:00.386,MASTER,=== CYCLE 46 ===
07:11:00.387,MASTER,[TX] POLL:1
07:11:00.416,S2,[IGNORE] POLL:1
07:11:00.419,S1,[RX] POLL:1 | RSSI: -59 dBm | SNR: 8.75 dB | RX#: 46
07:11:00.420,S1,[TX] S1:DATA:46
07:11:00.456,S2,[IGNORE] S1:DATA:46
07:11:00.459,MASTER,[RX] S1:DATA:46 | RSSI: -54 dBm | SNR: 9.50 dB
07:11:00.460,MASTER,[TX] POLL:2
07:11:00.490,S1,[IGNORE] POLL:2
07:11:00.493,S2,[RX] POLL:2 | RSSI: -67 dBm | SNR: 9.00 dB | RX#: 46
07:11:00.494,S2,[TX] S2:DATA:46
07:11:00.531,S1,[IGNORE] S2:DATA:46
07:11:00.532,MASTER,[RX] S2:DATA:46 | RSSI: -63 dBm | SNR: 9.25 dB
07:11:00.534,MASTER,--- STATISTIK ---
07:11:00.537,MASTER,S1: OK=46 | FAIL=0 | Data: 46
07:11:00.540,MASTER,S2: OK=46 | FAIL=0 | Data: 46
07:11:00.540,MASTER,Durasi siklus: 149 ms
07:11:00.544,MASTER,========================================
07:11:01.043,MASTER,========================================
07:11:01.044,MASTER,=== CYCLE 47 ===
07:11:01.046,MASTER,[TX] POLL:1
07:11:01.075,S2,[IGNORE] POLL:1
07:11:01.076,S1,[RX] POLL:1 | RSSI: -59 dBm | SNR: 8.75 dB | RX#: 47
07:11:01.078,S1,[TX] S1:DATA:47
07:11:01.115,S2,[IGNORE] S1:DATA:47
07:11:01.117,MASTER,[RX] S1:DATA:47 | RSSI: -53 dBm | SNR: 9.50 dB
07:11:01.117,MASTER,[TX] POLL:2
07:11:01.149,S1,[IGNORE] POLL:2
07:11:01.151,S2,[RX] POLL:2 | RSSI: -67 dBm | SNR: 9.00 dB | RX#: 47
07:11:01.153,S2,[TX] S2:DATA:47
07:11:01.188,S1,[IGNORE] S2:DATA:47
07:11:01.191,MASTER,[RX] S2:DATA:47 | RSSI: -63 dBm | SNR: 9.50 dB
07:11:01.193,MASTER,--- STATISTIK ---
07:11:01.196,MASTER,S1: OK=47 | FAIL=0 | Data: 47
07:11:01.199,MASTER,S2: OK=47 | FAIL=0 | Data: 47
07:11:01.199,MASTER,Durasi siklus: 148 ms
07:11:01.203,MASTER,========================================
07:11:01.701,MASTER,========================================
07:11:01.702,MASTER,=== CYCLE 48 ===
07:11:01.703,MASTER,[TX] POLL:1
07:11:01.733,S2,[IGNORE] POLL:1
07:11:01.736,S1,[RX] POLL:1 | RSSI: -59 dBm | SNR: 9.00 dB | RX#: 48
07:11:01.737,S1,[TX] S1:DATA:48
07:11:01.773,S2,[IGNORE] S1:DATA:48
07:11:01.775,MASTER,[RX] S1:DATA:48 | RSSI: -54 dBm | SNR: 9.50 dB
07:11:01.776,MASTER,[TX] POLL:2
07:11:01.807,S1,[IGNORE] POLL:2
07:11:01.809,S2,[RX] POLL:2 | RSSI: -67 dBm | SNR: 9.00 dB | RX#: 48
07:11:01.810,S2,[TX] S2:DATA:48
07:11:01.847,S1,[IGNORE] S2:DATA:48
07:11:01.849,MASTER,[RX] S2:DATA:48 | RSSI: -63 dBm | SNR: 9.50 dB
07:11:01.852,MASTER,--- STATISTIK ---
07:11:01.854,MASTER,S1: OK=48 | FAIL=0 | Data: 48
07:11:01.857,MASTER,S2: OK=48 | FAIL=0 | Data: 48
07:11:01.858,MASTER,Durasi siklus: 149 ms
07:11:01.861,MASTER,========================================
07:11:02.360,MASTER,========================================
07:11:02.361,MASTER,=== CYCLE 49 ===
07:11:02.362,MASTER,[TX] POLL:1
07:11:02.391,S2,[IGNORE] POLL:1
07:11:02.393,S1,[RX] POLL:1 | RSSI: -59 dBm | SNR: 9.00 dB | RX#: 49
07:11:02.395,S1,[TX] S1:DATA:49
07:11:02.432,S2,[IGNORE] S1:DATA:49
07:11:02.434,MASTER,[RX] S1:DATA:49 | RSSI: -53 dBm | SNR: 9.75 dB
07:11:02.434,MASTER,[TX] POLL:2
07:11:02.465,S1,[IGNORE] POLL:2
07:11:02.467,S2,[RX] POLL:2 | RSSI: -67 dBm | SNR: 9.00 dB | RX#: 49
07:11:02.468,S2,[TX] S2:DATA:49
07:11:02.505,S1,[IGNORE] S2:DATA:49
07:11:02.508,MASTER,[RX] S2:DATA:49 | RSSI: -63 dBm | SNR: 9.50 dB
07:11:02.510,MASTER,--- STATISTIK ---
07:11:02.513,MASTER,S1: OK=49 | FAIL=0 | Data: 49
07:11:02.515,MASTER,S2: OK=49 | FAIL=0 | Data: 49
07:11:02.516,MASTER,Durasi siklus: 148 ms
07:11:02.519,MASTER,========================================
07:11:03.019,MASTER,========================================
07:11:03.019,MASTER,=== CYCLE 50 ===
07:11:03.021,MASTER,[TX] POLL:1
07:11:03.050,S2,[IGNORE] POLL:1
07:11:03.052,S1,[RX] POLL:1 | RSSI: -59 dBm | SNR: 8.75 dB | RX#: 50
07:11:03.053,S1,[TX] S1:DATA:50
07:11:03.089,S2,[IGNORE] S1:DATA:50
07:11:03.093,MASTER,[RX] S1:DATA:50 | RSSI: -53 dBm | SNR: 9.50 dB
07:11:03.093,MASTER,[TX] POLL:2
07:11:03.128,S1,[IGNORE] POLL:2
07:11:03.128,S2,[RX] POLL:2 | RSSI: -68 dBm | SNR: 9.00 dB | RX#: 50
07:11:03.128,S2,[TX] S2:DATA:50
07:11:03.163,S1,[IGNORE] S2:DATA:50
07:11:03.165,MASTER,[RX] S2:DATA:50 | RSSI: -64 dBm | SNR: 9.50 dB
07:11:03.168,MASTER,--- STATISTIK ---
07:11:03.170,MASTER,S1: OK=50 | FAIL=0 | Data: 50
07:11:03.173,MASTER,S2: OK=50 | FAIL=0 | Data: 50
07:11:03.174,MASTER,Durasi siklus: 149 ms
07:11:03.177,MASTER,========================================
07:11:03.676,MASTER,========================================
07:11:03.676,MASTER,=== CYCLE 51 ===
07:11:03.679,MASTER,[TX] POLL:1
07:11:03.708,S2,[IGNORE] POLL:1
07:11:03.710,S1,[RX] POLL:1 | RSSI: -59 dBm | SNR: 9.00 dB | RX#: 51
07:11:03.712,S1,[TX] S1:DATA:51
07:11:03.747,S2,[IGNORE] S1:DATA:51
07:11:03.751,MASTER,[RX] S1:DATA:51 | RSSI: -53 dBm | SNR: 9.25 dB
07:11:03.751,MASTER,[TX] POLL:2
07:11:03.781,S1,[IGNORE] POLL:2
07:11:03.784,S2,[RX] POLL:2 | RSSI: -67 dBm | SNR: 9.00 dB | RX#: 51
07:11:03.785,S2,[TX] S2:DATA:51
07:11:03.822,S1,[IGNORE] S2:DATA:51
07:11:03.823,MASTER,[RX] S2:DATA:51 | RSSI: -64 dBm | SNR: 9.75 dB
07:11:03.826,MASTER,--- STATISTIK ---
07:11:03.829,MASTER,S1: OK=51 | FAIL=0 | Data: 51
07:11:03.831,MASTER,S2: OK=51 | FAIL=0 | Data: 51
07:11:03.832,MASTER,Durasi siklus: 148 ms
07:11:03.835,MASTER,========================================
07:11:04.335,MASTER,========================================
07:11:04.336,MASTER,=== CYCLE 52 ===
07:11:04.336,MASTER,[TX] POLL:1
07:11:04.366,S2,[IGNORE] POLL:1
07:11:04.368,S1,[RX] POLL:1 | RSSI: -59 dBm | SNR: 9.00 dB | RX#: 52
07:11:04.370,S1,[TX] S1:DATA:52
07:11:04.406,S2,[IGNORE] S1:DATA:52
07:11:04.410,MASTER,[RX] S1:DATA:52 | RSSI: -53 dBm | SNR: 9.00 dB
07:11:04.411,MASTER,[TX] POLL:2
07:11:04.440,S1,[IGNORE] POLL:2
07:11:04.442,S2,[RX] POLL:2 | RSSI: -68 dBm | SNR: 9.00 dB | RX#: 52
07:11:04.443,S2,[TX] S2:DATA:52
07:11:04.479,S1,[IGNORE] S2:DATA:52
07:11:04.481,MASTER,[RX] S2:DATA:52 | RSSI: -64 dBm | SNR: 9.25 dB
07:11:04.484,MASTER,--- STATISTIK ---
07:11:04.487,MASTER,S1: OK=52 | FAIL=0 | Data: 52
07:11:04.490,MASTER,S2: OK=52 | FAIL=0 | Data: 52
07:11:04.490,MASTER,Durasi siklus: 147 ms
07:11:04.494,MASTER,========================================
07:11:04.993,MASTER,========================================
07:11:04.993,MASTER,=== CYCLE 53 ===
07:11:04.995,MASTER,[TX] POLL:1
07:11:05.024,S2,[IGNORE] POLL:1
07:11:05.027,S1,[RX] POLL:1 | RSSI: -59 dBm | SNR: 9.25 dB | RX#: 53
07:11:05.028,S1,[TX] S1:DATA:53
07:11:05.065,S2,[IGNORE] S1:DATA:53
07:11:05.068,MASTER,[RX] S1:DATA:53 | RSSI: -53 dBm | SNR: 9.50 dB
07:11:05.068,MASTER,[TX] POLL:2
07:11:05.098,S1,[IGNORE] POLL:2
07:11:05.100,S2,[RX] POLL:2 | RSSI: -67 dBm | SNR: 8.75 dB | RX#: 53
07:11:05.102,S2,[TX] S2:DATA:53
07:11:05.137,S1,[IGNORE] S2:DATA:53
07:11:05.140,MASTER,[RX] S2:DATA:53 | RSSI: -63 dBm | SNR: 9.50 dB
07:11:05.142,MASTER,--- STATISTIK ---
07:11:05.145,MASTER,S1: OK=53 | FAIL=0 | Data: 53
07:11:05.148,MASTER,S2: OK=53 | FAIL=0 | Data: 53
07:11:05.148,MASTER,Durasi siklus: 148 ms
07:11:05.152,MASTER,========================================
07:11:05.652,MASTER,========================================
07:11:05.652,MASTER,=== CYCLE 54 ===
07:11:05.653,MASTER,[TX] POLL:1
07:11:05.684,S2,[IGNORE] POLL:1
07:11:05.686,S1,[RX] POLL:1 | RSSI: -59 dBm | SNR: 9.00 dB | RX#: 54
07:11:05.687,S1,[TX] S1:DATA:54
07:11:05.723,S2,[IGNORE] S1:DATA:54
07:11:05.726,MASTER,[RX] S1:DATA:54 | RSSI: -53 dBm | SNR: 9.50 dB
07:11:05.726,MASTER,[TX] POLL:2
07:11:05.757,S1,[IGNORE] POLL:2
07:11:05.759,S2,[RX] POLL:2 | RSSI: -67 dBm | SNR: 9.00 dB | RX#: 54
07:11:05.760,S2,[TX] S2:DATA:54
07:11:05.796,S1,[IGNORE] S2:DATA:54
07:11:05.799,MASTER,[RX] S2:DATA:54 | RSSI: -63 dBm | SNR: 9.25 dB
07:11:05.801,MASTER,--- STATISTIK ---
07:11:05.804,MASTER,S1: OK=54 | FAIL=0 | Data: 54
07:11:05.806,MASTER,S2: OK=54 | FAIL=0 | Data: 54
07:11:05.806,MASTER,Durasi siklus: 148 ms
07:11:05.810,MASTER,========================================
07:11:06.312,MASTER,========================================
07:11:06.312,MASTER,=== CYCLE 55 ===
07:11:06.312,MASTER,[TX] POLL:1
07:11:06.341,S2,[IGNORE] POLL:1
07:11:06.343,S1,[RX] POLL:1 | RSSI: -59 dBm | SNR: 9.25 dB | RX#: 55
07:11:06.345,S1,[TX] S1:DATA:55
07:11:06.382,S2,[IGNORE] S1:DATA:55
07:11:06.384,MASTER,[RX] S1:DATA:55 | RSSI: -53 dBm | SNR: 9.50 dB
07:11:06.384,MASTER,[TX] POLL:2
07:11:06.415,S1,[IGNORE] POLL:2
07:11:06.417,S2,[RX] POLL:2 | RSSI: -68 dBm | SNR: 9.00 dB | RX#: 55
07:11:06.419,S2,[TX] S2:DATA:55
07:11:06.456,S1,[IGNORE] S2:DATA:55
07:11:06.457,MASTER,[RX] S2:DATA:55 | RSSI: -63 dBm | SNR: 9.50 dB
07:11:06.460,MASTER,--- STATISTIK ---
07:11:06.462,MASTER,S1: OK=55 | FAIL=0 | Data: 55
07:11:06.465,MASTER,S2: OK=55 | FAIL=0 | Data: 55
07:11:06.465,MASTER,Durasi siklus: 149 ms
07:11:06.469,MASTER,========================================
07:11:06.968,MASTER,========================================
07:11:06.969,MASTER,=== CYCLE 56 ===
07:11:06.970,MASTER,[TX] POLL:1
07:11:06.999,S2,[IGNORE] POLL:1
07:11:07.001,S1,[RX] POLL:1 | RSSI: -55 dBm | SNR: 8.25 dB | RX#: 56
07:11:07.003,S1,[TX] S1:DATA:56
07:11:07.039,S2,[IGNORE] S1:DATA:56
07:11:07.042,MASTER,[RX] S1:DATA:56 | RSSI: -53 dBm | SNR: 9.50 dB
07:11:07.042,MASTER,[TX] POLL:2
07:11:07.073,S1,[IGNORE] POLL:2
07:11:07.075,S2,[RX] POLL:2 | RSSI: -67 dBm | SNR: 8.75 dB | RX#: 56
07:11:07.077,S2,[TX] S2:DATA:56
07:11:07.112,S1,[IGNORE] S2:DATA:56
07:11:07.115,MASTER,[RX] S2:DATA:56 | RSSI: -63 dBm | SNR: 9.50 dB
07:11:07.118,MASTER,--- STATISTIK ---
07:11:07.120,MASTER,S1: OK=56 | FAIL=0 | Data: 56
07:11:07.123,MASTER,S2: OK=56 | FAIL=0 | Data: 56
07:11:07.123,MASTER,Durasi siklus: 148 ms
07:11:07.127,MASTER,========================================
07:11:07.626,MASTER,========================================
07:11:07.627,MASTER,=== CYCLE 57 ===
07:11:07.628,MASTER,[TX] POLL:1
07:11:07.657,S2,[IGNORE] POLL:1
07:11:07.660,S1,[RX] POLL:1 | RSSI: -59 dBm | SNR: 8.75 dB | RX#: 57
07:11:07.661,S1,[TX] S1:DATA:57
07:11:07.698,S2,[IGNORE] S1:DATA:57
07:11:07.700,MASTER,[RX] S1:DATA:57 | RSSI: -53 dBm | SNR: 9.25 dB
07:11:07.701,MASTER,[TX] POLL:2
07:11:07.732,S1,[IGNORE] POLL:2
07:11:07.734,S2,[RX] POLL:2 | RSSI: -67 dBm | SNR: 8.75 dB | RX#: 57
07:11:07.735,S2,[TX] S2:DATA:57
07:11:07.772,S1,[IGNORE] S2:DATA:57
07:11:07.773,MASTER,[RX] S2:DATA:57 | RSSI: -63 dBm | SNR: 9.25 dB
07:11:07.776,MASTER,--- STATISTIK ---
07:11:07.780,MASTER,S1: OK=57 | FAIL=0 | Data: 57
07:11:07.781,MASTER,S2: OK=57 | FAIL=0 | Data: 57
07:11:07.782,MASTER,Durasi siklus: 149 ms
07:11:07.786,MASTER,========================================
07:11:08.287,MASTER,========================================
07:11:08.287,MASTER,=== CYCLE 58 ===
07:11:08.288,MASTER,[TX] POLL:1
07:11:08.317,S2,[IGNORE] POLL:1
07:11:08.318,S1,[RX] POLL:1 | RSSI: -59 dBm | SNR: 9.50 dB | RX#: 58
07:11:08.320,S1,[TX] S1:DATA:58
07:11:08.356,S2,[IGNORE] S1:DATA:58
07:11:08.359,MASTER,[RX] S1:DATA:58 | RSSI: -53 dBm | SNR: 9.50 dB
07:11:08.359,MASTER,[TX] POLL:2
07:11:08.391,S1,[IGNORE] POLL:2
07:11:08.392,S2,[RX] POLL:2 | RSSI: -67 dBm | SNR: 9.00 dB | RX#: 58
07:11:08.394,S2,[TX] S2:DATA:58
07:11:08.435,S1,[IGNORE] S2:DATA:58
07:11:08.436,MASTER,[RX] S2:DATA:58 | RSSI: -63 dBm | SNR: 9.25 dB
07:11:08.436,MASTER,--- STATISTIK ---
07:11:08.437,MASTER,S1: OK=58 | FAIL=0 | Data: 58
07:11:08.440,MASTER,S2: OK=58 | FAIL=0 | Data: 58
07:11:08.440,MASTER,Durasi siklus: 149 ms
07:11:08.444,MASTER,========================================
07:11:08.943,MASTER,========================================
07:11:08.944,MASTER,=== CYCLE 59 ===
07:11:08.945,MASTER,[TX] POLL:1
07:11:08.974,S2,[IGNORE] POLL:1
07:11:08.976,S1,[RX] POLL:1 | RSSI: -59 dBm | SNR: 9.00 dB | RX#: 59
07:11:08.978,S1,[TX] S1:DATA:59
07:11:09.014,S2,[IGNORE] S1:DATA:59
07:11:09.017,MASTER,[RX] S1:DATA:59 | RSSI: -53 dBm | SNR: 9.75 dB
07:11:09.018,MASTER,[TX] POLL:2
07:11:09.048,S1,[IGNORE] POLL:2
07:11:09.050,S2,[RX] POLL:2 | RSSI: -67 dBm | SNR: 9.00 dB | RX#: 59
07:11:09.052,S2,[TX] S2:DATA:59
07:11:09.088,S1,[IGNORE] S2:DATA:59
07:11:09.090,MASTER,[RX] S2:DATA:59 | RSSI: -63 dBm | SNR: 9.75 dB
07:11:09.092,MASTER,--- STATISTIK ---
07:11:09.095,MASTER,S1: OK=59 | FAIL=0 | Data: 59
07:11:09.098,MASTER,S2: OK=59 | FAIL=0 | Data: 59
07:11:09.098,MASTER,Durasi siklus: 148 ms
07:11:09.102,MASTER,========================================
07:11:09.601,MASTER,========================================
07:11:09.602,MASTER,=== CYCLE 60 ===
07:11:09.603,MASTER,[TX] POLL:1
07:11:09.633,S2,[IGNORE] POLL:1
07:11:09.635,S1,[RX] POLL:1 | RSSI: -59 dBm | SNR: 9.25 dB | RX#: 60
07:11:09.636,S1,[TX] S1:DATA:60
07:11:09.673,S2,[IGNORE] S1:DATA:60
07:11:09.675,MASTER,[RX] S1:DATA:60 | RSSI: -53 dBm | SNR: 9.50 dB
07:11:09.676,MASTER,[TX] POLL:2
07:11:09.707,S1,[IGNORE] POLL:2
07:11:09.709,S2,[RX] POLL:2 | RSSI: -67 dBm | SNR: 8.75 dB | RX#: 60
07:11:09.710,S2,[TX] S2:DATA:60
07:11:09.747,S1,[IGNORE] S2:DATA:60
07:11:09.749,MASTER,[RX] S2:DATA:60 | RSSI: -63 dBm | SNR: 9.50 dB
07:11:09.751,MASTER,--- STATISTIK ---
07:11:09.754,MASTER,S1: OK=60 | FAIL=0 | Data: 60
07:11:09.763,MASTER,S2: OK=60 | FAIL=0 | Data: 60
07:11:09.764,MASTER,Durasi siklus: 148 ms
07:11:09.765,MASTER,========================================
07:11:10.259,MASTER,========================================
07:11:10.260,MASTER,=== CYCLE 61 ===
07:11:10.261,MASTER,[TX] POLL:1
07:11:10.295,S2,[IGNORE] POLL:1
07:11:10.295,S1,[RX] POLL:1 | RSSI: -55 dBm | SNR: 8.75 dB | RX#: 61
07:11:10.295,S1,[TX] S1:DATA:61
07:11:10.331,S2,[IGNORE] S1:DATA:61
07:11:10.334,MASTER,[RX] S1:DATA:61 | RSSI: -53 dBm | SNR: 9.50 dB
07:11:10.334,MASTER,[TX] POLL:2
07:11:10.364,S1,[IGNORE] POLL:2
07:11:10.367,S2,[RX] POLL:2 | RSSI: -67 dBm | SNR: 9.00 dB | RX#: 61
07:11:10.368,S2,[TX] S2:DATA:61
07:11:10.404,S1,[IGNORE] S2:DATA:61
07:11:10.406,MASTER,[RX] S2:DATA:61 | RSSI: -63 dBm | SNR: 9.50 dB
07:11:10.409,MASTER,--- STATISTIK ---
07:11:10.412,MASTER,S1: OK=61 | FAIL=0 | Data: 61
07:11:10.414,MASTER,S2: OK=61 | FAIL=0 | Data: 61
07:11:10.415,MASTER,Durasi siklus: 147 ms
07:11:10.419,MASTER,========================================
07:11:10.917,MASTER,========================================
07:11:10.918,MASTER,=== CYCLE 62 ===
07:11:10.919,MASTER,[TX] POLL:1
07:11:10.949,S2,[IGNORE] POLL:1
07:11:10.951,S1,[RX] POLL:1 | RSSI: -59 dBm | SNR: 9.00 dB | RX#: 62
07:11:10.953,S1,[TX] S1:DATA:62
07:11:10.988,S2,[IGNORE] S1:DATA:62
07:11:10.992,MASTER,[RX] S1:DATA:62 | RSSI: -53 dBm | SNR: 9.00 dB
07:11:10.992,MASTER,[TX] POLL:2
07:11:11.022,S1,[IGNORE] POLL:2
07:11:11.025,S2,[RX] POLL:2 | RSSI: -67 dBm | SNR: 9.25 dB | RX#: 62
07:11:11.026,S2,[TX] S2:DATA:62
07:11:11.062,S1,[IGNORE] S2:DATA:62
07:11:11.065,MASTER,[RX] S2:DATA:62 | RSSI: -63 dBm | SNR: 9.50 dB
07:11:11.067,MASTER,--- STATISTIK ---
07:11:11.070,MASTER,S1: OK=62 | FAIL=0 | Data: 62
07:11:11.073,MASTER,S2: OK=62 | FAIL=0 | Data: 62
07:11:11.073,MASTER,Durasi siklus: 148 ms
07:11:11.077,MASTER,========================================
07:11:11.576,MASTER,========================================
07:11:11.576,MASTER,=== CYCLE 63 ===
07:11:11.578,MASTER,[TX] POLL:1
07:11:11.606,S2,[IGNORE] POLL:1
07:11:11.609,S1,[RX] POLL:1 | RSSI: -59 dBm | SNR: 8.75 dB | RX#: 63
07:11:11.611,S1,[TX] S1:DATA:63
07:11:11.647,S2,[IGNORE] S1:DATA:63
07:11:11.650,MASTER,[RX] S1:DATA:63 | RSSI: -53 dBm | SNR: 9.25 dB
07:11:11.650,MASTER,[TX] POLL:2
07:11:11.680,S1,[IGNORE] POLL:2
07:11:11.683,S2,[RX] POLL:2 | RSSI: -67 dBm | SNR: 8.75 dB | RX#: 63
07:11:11.685,S2,[TX] S2:DATA:63
07:11:11.720,S1,[IGNORE] S2:DATA:63
07:11:11.723,MASTER,[RX] S2:DATA:63 | RSSI: -63 dBm | SNR: 9.50 dB
07:11:11.726,MASTER,--- STATISTIK ---
07:11:11.728,MASTER,S1: OK=63 | FAIL=0 | Data: 63
07:11:11.731,MASTER,S2: OK=63 | FAIL=0 | Data: 63
07:11:11.731,MASTER,Durasi siklus: 148 ms
07:11:11.735,MASTER,========================================
07:11:12.235,MASTER,========================================
07:11:12.236,MASTER,=== CYCLE 64 ===
07:11:12.237,MASTER,[TX] POLL:1
07:11:12.266,S2,[IGNORE] POLL:1
07:11:12.268,S1,[RX] POLL:1 | RSSI: -59 dBm | SNR: 9.00 dB | RX#: 64
07:11:12.269,S1,[TX] S1:DATA:64
07:11:12.307,S2,[IGNORE] S1:DATA:64
07:11:12.309,MASTER,[RX] S1:DATA:64 | RSSI: -53 dBm | SNR: 9.50 dB
07:11:12.309,MASTER,[TX] POLL:2
07:11:12.341,S1,[IGNORE] POLL:2
07:11:12.342,S2,[RX] POLL:2 | RSSI: -67 dBm | SNR: 8.75 dB | RX#: 64
07:11:12.344,S2,[TX] S2:DATA:64
07:11:12.380,S1,[IGNORE] S2:DATA:64
07:11:12.381,MASTER,[RX] S2:DATA:64 | RSSI: -63 dBm | SNR: 9.25 dB
07:11:12.384,MASTER,--- STATISTIK ---
07:11:12.387,MASTER,S1: OK=64 | FAIL=0 | Data: 64
07:11:12.389,MASTER,S2: OK=64 | FAIL=0 | Data: 64
07:11:12.390,MASTER,Durasi siklus: 149 ms
07:11:12.394,MASTER,========================================
07:11:12.894,MASTER,========================================
07:11:12.894,MASTER,=== CYCLE 65 ===
07:11:12.895,MASTER,[TX] POLL:1
07:11:12.924,S2,[IGNORE] POLL:1
07:11:12.927,S1,[RX] POLL:1 | RSSI: -59 dBm | SNR: 9.25 dB | RX#: 65
07:11:12.928,S1,[TX] S1:DATA:65
07:11:12.964,S2,[IGNORE] S1:DATA:65
07:11:12.967,MASTER,[RX] S1:DATA:65 | RSSI: -53 dBm | SNR: 9.25 dB
07:11:12.968,MASTER,[TX] POLL:2
07:11:12.998,S1,[IGNORE] POLL:2
07:11:13.000,S2,[RX] POLL:2 | RSSI: -67 dBm | SNR: 8.75 dB | RX#: 65
07:11:13.002,S2,[TX] S2:DATA:65
07:11:13.037,S1,[IGNORE] S2:DATA:65
07:11:13.040,MASTER,[RX] S2:DATA:65 | RSSI: -63 dBm | SNR: 9.25 dB
07:11:13.043,MASTER,--- STATISTIK ---
07:11:13.045,MASTER,S1: OK=65 | FAIL=0 | Data: 65
07:11:13.049,MASTER,S2: OK=65 | FAIL=0 | Data: 65
07:11:13.049,MASTER,Durasi siklus: 149 ms
07:11:13.052,MASTER,========================================
07:11:13.551,MASTER,========================================
07:11:13.552,MASTER,=== CYCLE 66 ===
07:11:13.553,MASTER,[TX] POLL:1
07:11:13.583,S2,[IGNORE] POLL:1
07:11:13.585,S1,[RX] POLL:1 | RSSI: -59 dBm | SNR: 9.00 dB | RX#: 66
07:11:13.586,S1,[TX] S1:DATA:66
07:11:13.622,S2,[IGNORE] S1:DATA:66
07:11:13.625,MASTER,[RX] S1:DATA:66 | RSSI: -53 dBm | SNR: 9.50 dB
07:11:13.626,MASTER,[TX] POLL:2
07:11:13.656,S1,[IGNORE] POLL:2
07:11:13.659,S2,[RX] POLL:2 | RSSI: -67 dBm | SNR: 9.00 dB | RX#: 66
07:11:13.660,S2,[TX] S2:DATA:66
07:11:13.697,S1,[IGNORE] S2:DATA:66
07:11:13.699,MASTER,[RX] S2:DATA:66 | RSSI: -63 dBm | SNR: 9.25 dB
07:11:13.701,MASTER,--- STATISTIK ---
07:11:13.703,MASTER,S1: OK=66 | FAIL=0 | Data: 66
07:11:13.706,MASTER,S2: OK=66 | FAIL=0 | Data: 66
07:11:13.706,MASTER,Durasi siklus: 148 ms
07:11:13.710,MASTER,========================================
07:11:14.210,MASTER,========================================
07:11:14.211,MASTER,=== CYCLE 67 ===
07:11:14.211,MASTER,[TX] POLL:1
07:11:14.243,S2,[IGNORE] POLL:1
07:11:14.243,S1,[RX] POLL:1 | RSSI: -59 dBm | SNR: 8.75 dB | RX#: 67
07:11:14.245,S1,[TX] S1:DATA:67
07:11:14.282,S2,[IGNORE] S1:DATA:67
07:11:14.284,MASTER,[RX] S1:DATA:67 | RSSI: -53 dBm | SNR: 9.50 dB
07:11:14.284,MASTER,[TX] POLL:2
07:11:14.314,S1,[IGNORE] POLL:2
07:11:14.318,S2,[RX] POLL:2 | RSSI: -68 dBm | SNR: 9.00 dB | RX#: 67
07:11:14.318,S2,[TX] S2:DATA:67
07:11:14.354,S1,[IGNORE] S2:DATA:67
07:11:14.357,MASTER,[RX] S2:DATA:67 | RSSI: -64 dBm | SNR: 9.50 dB
07:11:14.359,MASTER,--- STATISTIK ---
07:11:14.362,MASTER,S1: OK=67 | FAIL=0 | Data: 67
07:11:14.365,MASTER,S2: OK=67 | FAIL=0 | Data: 67
07:11:14.365,MASTER,Durasi siklus: 149 ms
07:11:14.369,MASTER,========================================
07:11:14.868,MASTER,========================================
07:11:14.868,MASTER,=== CYCLE 68 ===
07:11:14.870,MASTER,[TX] POLL:1
07:11:14.900,S2,[IGNORE] POLL:1
07:11:14.902,S1,[RX] POLL:1 | RSSI: -59 dBm | SNR: 8.75 dB | RX#: 68
07:11:14.903,S1,[TX] S1:DATA:68
07:11:14.940,S2,[IGNORE] S1:DATA:68
07:11:14.942,MASTER,[RX] S1:DATA:68 | RSSI: -53 dBm | SNR: 9.50 dB
07:11:14.942,MASTER,[TX] POLL:2
07:11:14.973,S1,[IGNORE] POLL:2
07:11:14.975,S2,[RX] POLL:2 | RSSI: -67 dBm | SNR: 9.00 dB | RX#: 68
07:11:14.977,S2,[TX] S2:DATA:68
07:11:15.013,S1,[IGNORE] S2:DATA:68
07:11:15.015,MASTER,[RX] S2:DATA:68 | RSSI: -64 dBm | SNR: 9.50 dB
07:11:15.017,MASTER,--- STATISTIK ---
07:11:15.020,MASTER,S1: OK=68 | FAIL=0 | Data: 68
07:11:15.024,MASTER,S2: OK=68 | FAIL=0 | Data: 68
07:11:15.024,MASTER,Durasi siklus: 147 ms
07:11:15.027,MASTER,========================================
07:11:15.526,MASTER,========================================
07:11:15.526,MASTER,=== CYCLE 69 ===
07:11:15.528,MASTER,[TX] POLL:1
07:11:15.557,S2,[IGNORE] POLL:1
07:11:15.559,S1,[RX] POLL:1 | RSSI: -59 dBm | SNR: 9.00 dB | RX#: 69
07:11:15.561,S1,[TX] S1:DATA:69
07:11:15.597,S2,[IGNORE] S1:DATA:69
07:11:15.600,MASTER,[RX] S1:DATA:69 | RSSI: -53 dBm | SNR: 9.50 dB
07:11:15.601,MASTER,[TX] POLL:2
07:11:15.631,S1,[IGNORE] POLL:2
07:11:15.633,S2,[RX] POLL:2 | RSSI: -68 dBm | SNR: 9.25 dB | RX#: 69
07:11:15.635,S2,[TX] S2:DATA:69
07:11:15.671,S1,[IGNORE] S2:DATA:69
07:11:15.674,MASTER,[RX] S2:DATA:69 | RSSI: -64 dBm | SNR: 9.75 dB
07:11:15.676,MASTER,--- STATISTIK ---
07:11:15.679,MASTER,S1: OK=69 | FAIL=0 | Data: 69
07:11:15.681,MASTER,S2: OK=69 | FAIL=0 | Data: 69
07:11:15.681,MASTER,Durasi siklus: 148 ms
07:11:15.685,MASTER,========================================
07:11:16.184,MASTER,========================================
07:11:16.185,MASTER,=== CYCLE 70 ===
07:11:16.186,MASTER,[TX] POLL:1
07:11:16.217,S2,[IGNORE] POLL:1
07:11:16.219,S1,[RX] POLL:1 | RSSI: -59 dBm | SNR: 8.75 dB | RX#: 70
07:11:16.219,S1,[TX] S1:DATA:70
07:11:16.255,S2,[IGNORE] S1:DATA:70
07:11:16.259,MASTER,[RX] S1:DATA:70 | RSSI: -53 dBm | SNR: 9.25 dB
07:11:16.260,MASTER,[TX] POLL:2
07:11:16.289,S1,[IGNORE] POLL:2
07:11:16.292,S2,[RX] POLL:2 | RSSI: -68 dBm | SNR: 9.00 dB | RX#: 70
07:11:16.293,S2,[TX] S2:DATA:70
07:11:16.330,S1,[IGNORE] S2:DATA:70
07:11:16.332,MASTER,[RX] S2:DATA:70 | RSSI: -64 dBm | SNR: 9.50 dB
07:11:16.334,MASTER,--- STATISTIK ---
07:11:16.337,MASTER,S1: OK=70 | FAIL=0 | Data: 70
07:11:16.340,MASTER,S2: OK=70 | FAIL=0 | Data: 70
07:11:16.340,MASTER,Durasi siklus: 148 ms
07:11:16.344,MASTER,========================================
07:11:16.843,MASTER,========================================
07:11:16.843,MASTER,=== CYCLE 71 ===
07:11:16.845,MASTER,[TX] POLL:1
07:11:16.874,S2,[IGNORE] POLL:1
07:11:16.876,S1,[RX] POLL:1 | RSSI: -59 dBm | SNR: 8.75 dB | RX#: 71
07:11:16.878,S1,[TX] S1:DATA:71
07:11:16.914,S2,[IGNORE] S1:DATA:71
07:11:16.917,MASTER,[RX] S1:DATA:71 | RSSI: -53 dBm | SNR: 9.50 dB
07:11:16.918,MASTER,[TX] POLL:2
07:11:16.948,S1,[IGNORE] POLL:2
07:11:16.950,S2,[RX] POLL:2 | RSSI: -67 dBm | SNR: 8.75 dB | RX#: 71
07:11:16.951,S2,[TX] S2:DATA:71
07:11:16.988,S1,[IGNORE] S2:DATA:71
07:11:16.990,MASTER,[RX] S2:DATA:71 | RSSI: -62 dBm | SNR: 9.50 dB
07:11:16.992,MASTER,--- STATISTIK ---
07:11:16.995,MASTER,S1: OK=71 | FAIL=0 | Data: 71
07:11:16.998,MASTER,S2: OK=71 | FAIL=0 | Data: 71
07:11:16.998,MASTER,Durasi siklus: 149 ms
07:11:17.002,MASTER,========================================
07:11:17.501,MASTER,========================================
07:11:17.502,MASTER,=== CYCLE 72 ===
07:11:17.503,MASTER,[TX] POLL:1
07:11:17.534,S2,[IGNORE] POLL:1
07:11:17.536,S1,[RX] POLL:1 | RSSI: -59 dBm | SNR: 9.00 dB | RX#: 72
07:11:17.536,S1,[TX] S1:DATA:72
07:11:17.572,S2,[IGNORE] S1:DATA:72
07:11:17.575,MASTER,[RX] S1:DATA:72 | RSSI: -53 dBm | SNR: 9.50 dB
07:11:17.576,MASTER,[TX] POLL:2
07:11:17.606,S1,[IGNORE] POLL:2
07:11:17.608,S2,[RX] POLL:2 | RSSI: -66 dBm | SNR: 9.00 dB | RX#: 72
07:11:17.610,S2,[TX] S2:DATA:72
07:11:17.646,S1,[IGNORE] S2:DATA:72
07:11:17.648,MASTER,[RX] S2:DATA:72 | RSSI: -62 dBm | SNR: 9.50 dB
07:11:17.651,MASTER,--- STATISTIK ---
07:11:17.653,MASTER,S1: OK=72 | FAIL=0 | Data: 72
07:11:17.656,MASTER,S2: OK=72 | FAIL=0 | Data: 72
07:11:17.657,MASTER,Durasi siklus: 149 ms
07:11:17.660,MASTER,========================================
07:11:18.160,MASTER,========================================
07:11:18.161,MASTER,=== CYCLE 73 ===
07:11:18.161,MASTER,[TX] POLL:1
07:11:18.192,S2,[IGNORE] POLL:1
07:11:18.193,S1,[RX] POLL:1 | RSSI: -59 dBm | SNR: 8.75 dB | RX#: 73
07:11:18.194,S1,[TX] S1:DATA:73
07:11:18.230,S2,[IGNORE] S1:DATA:73
07:11:18.235,MASTER,[RX] S1:DATA:73 | RSSI: -53 dBm | SNR: 9.50 dB
07:11:18.236,MASTER,[TX] POLL:2
07:11:18.264,S1,[IGNORE] POLL:2
07:11:18.267,S2,[RX] POLL:2 | RSSI: -64 dBm | SNR: 8.50 dB | RX#: 73
07:11:18.268,S2,[TX] S2:DATA:73
07:11:18.304,S1,[IGNORE] S2:DATA:73
07:11:18.307,MASTER,[RX] S2:DATA:73 | RSSI: -60 dBm | SNR: 8.75 dB
07:11:18.310,MASTER,--- STATISTIK ---
07:11:18.312,MASTER,S1: OK=73 | FAIL=0 | Data: 73
07:11:18.314,MASTER,S2: OK=73 | FAIL=0 | Data: 73
07:11:18.315,MASTER,Durasi siklus: 148 ms
07:11:18.318,MASTER,========================================
07:11:18.817,MASTER,========================================
07:11:18.818,MASTER,=== CYCLE 74 ===
07:11:18.819,MASTER,[TX] POLL:1
07:11:18.849,S2,[IGNORE] POLL:1
07:11:18.851,S1,[RX] POLL:1 | RSSI: -59 dBm | SNR: 8.75 dB | RX#: 74
07:11:18.853,S1,[TX] S1:DATA:74
07:11:18.889,S2,[IGNORE] S1:DATA:74
07:11:18.892,MASTER,[RX] S1:DATA:74 | RSSI: -54 dBm | SNR: 9.25 dB
07:11:18.892,MASTER,[TX] POLL:2
07:11:18.925,S1,[IGNORE] POLL:2
07:11:18.925,S2,[RX] POLL:2 | RSSI: -65 dBm | SNR: 8.75 dB | RX#: 74
07:11:18.927,S2,[TX] S2:DATA:74
07:11:18.963,S1,[IGNORE] S2:DATA:74
07:11:18.965,MASTER,[RX] S2:DATA:74 | RSSI: -60 dBm | SNR: 9.25 dB
07:11:18.967,MASTER,--- STATISTIK ---
07:11:18.970,MASTER,S1: OK=74 | FAIL=0 | Data: 74
07:11:18.973,MASTER,S2: OK=74 | FAIL=0 | Data: 74
07:11:18.973,MASTER,Durasi siklus: 149 ms
07:11:18.977,MASTER,========================================
07:11:19.476,MASTER,========================================
07:11:19.476,MASTER,=== CYCLE 75 ===
07:11:19.478,MASTER,[TX] POLL:1
07:11:19.509,S1,[RX] POLL:1 | RSSI: -59 dBm | SNR: 9.00 dB | RX#: 75
07:11:19.511,S1,[TX] S1:DATA:75
07:11:19.550,MASTER,[RX] S1:DATA:75 | RSSI: -53 dBm | SNR: 9.50 dB
07:11:19.550,MASTER,[TX] POLL:2
07:11:19.585,S1,[IGNORE] POLL:2
07:11:20.079,MASTER,[FAIL] Slave 2 tidak merespon!
07:11:20.082,MASTER,--- STATISTIK ---
07:11:20.084,MASTER,S1: OK=75 | FAIL=0 | Data: 75
07:11:20.087,MASTER,S2: OK=74 | FAIL=1 | Data: 74
07:11:20.090,MASTER,Durasi siklus: 606 ms
07:11:20.092,MASTER,========================================
07:11:20.591,MASTER,========================================
07:11:20.591,MASTER,=== CYCLE 76 ===
07:11:20.593,MASTER,[TX] POLL:1
07:11:20.625,S1,[RX] POLL:1 | RSSI: -59 dBm | SNR: 9.50 dB | RX#: 76
07:11:20.626,S1,[TX] S1:DATA:76
07:11:20.666,MASTER,[RX] S1:DATA:76 | RSSI: -54 dBm | SNR: 9.25 dB
07:11:20.666,MASTER,[TX] POLL:2
07:11:20.696,S1,[IGNORE] POLL:2
07:11:21.194,MASTER,[FAIL] Slave 2 tidak merespon!
07:11:21.197,MASTER,--- STATISTIK ---
07:11:21.200,MASTER,S1: OK=76 | FAIL=0 | Data: 76
07:11:21.202,MASTER,S2: OK=74 | FAIL=2 | Data: 74
07:11:21.205,MASTER,Durasi siklus: 606 ms
07:11:21.208,MASTER,========================================
07:11:21.706,MASTER,========================================
07:11:21.706,MASTER,=== CYCLE 77 ===
07:11:21.708,MASTER,[TX] POLL:1
07:11:21.740,S1,[RX] POLL:1 | RSSI: -59 dBm | SNR: 9.00 dB | RX#: 77
07:11:21.742,S1,[TX] S1:DATA:77
07:11:21.780,MASTER,[RX] S1:DATA:77 | RSSI: -54 dBm | SNR: 9.50 dB
07:11:21.781,MASTER,[TX] POLL:2
07:11:21.811,S1,[IGNORE] POLL:2
07:11:22.310,MASTER,[FAIL] Slave 2 tidak merespon!
07:11:22.313,MASTER,--- STATISTIK ---
07:11:22.316,MASTER,S1: OK=77 | FAIL=0 | Data: 77
07:11:22.318,MASTER,S2: OK=74 | FAIL=3 | Data: 74
07:11:22.321,MASTER,Durasi siklus: 607 ms
07:11:22.324,MASTER,========================================
07:11:22.823,MASTER,========================================
07:11:22.824,MASTER,=== CYCLE 78 ===
07:11:22.824,MASTER,[TX] POLL:1
07:11:22.856,S1,[RX] POLL:1 | RSSI: -60 dBm | SNR: 8.75 dB | RX#: 78
07:11:22.858,S1,[TX] S1:DATA:78
07:11:22.897,MASTER,[RX] S1:DATA:78 | RSSI: -54 dBm | SNR: 9.00 dB
07:11:22.897,MASTER,[TX] POLL:2
07:11:22.927,S1,[IGNORE] POLL:2
07:11:23.428,MASTER,[FAIL] Slave 2 tidak merespon!
07:11:23.430,MASTER,--- STATISTIK ---
07:11:23.432,MASTER,S1: OK=78 | FAIL=0 | Data: 78
07:11:23.434,MASTER,S2: OK=74 | FAIL=4 | Data: 74
07:11:23.437,MASTER,Durasi siklus: 607 ms
07:11:23.440,MASTER,========================================
07:11:23.939,MASTER,========================================
07:11:23.939,MASTER,=== CYCLE 79 ===
07:11:23.940,MASTER,[TX] POLL:1
07:11:23.973,S1,[RX] POLL:1 | RSSI: -59 dBm | SNR: 9.00 dB | RX#: 79
07:11:23.974,S1,[TX] S1:DATA:79
07:11:24.013,MASTER,[RX] S1:DATA:79 | RSSI: -54 dBm | SNR: 9.50 dB
07:11:24.014,MASTER,[TX] POLL:2
07:11:24.044,S1,[IGNORE] POLL:2
07:11:24.090,S1,[IGNORE] S2:DATA:1
07:11:24.090,MASTER,[RX] S2:DATA:1 | RSSI: -60 dBm | SNR: 9.00 dB
07:11:24.090,MASTER,--- STATISTIK ---
07:11:24.091,MASTER,S1: OK=79 | FAIL=0 | Data: 79
07:11:24.091,MASTER,S2: OK=75 | FAIL=4 | Data: 1
07:11:24.094,MASTER,Durasi siklus: 149 ms
07:11:24.096,MASTER,========================================
07:11:24.597,MASTER,========================================
07:11:24.597,MASTER,=== CYCLE 80 ===
07:11:24.598,MASTER,[TX] POLL:1
07:11:24.630,S1,[RX] POLL:1 | RSSI: -59 dBm | SNR: 9.00 dB | RX#: 80
07:11:24.632,S1,[TX] S1:DATA:80
07:11:24.671,MASTER,[RX] S1:DATA:80 | RSSI: -54 dBm | SNR: 9.75 dB
07:11:24.671,MASTER,[TX] POLL:2
07:11:24.702,S1,[IGNORE] POLL:2
07:11:24.742,S1,[IGNORE] S2:DATA:2
07:11:24.744,MASTER,[RX] S2:DATA:2 | RSSI: -60 dBm | SNR: 9.00 dB
07:11:24.746,MASTER,--- STATISTIK ---
07:11:24.749,MASTER,S1: OK=80 | FAIL=0 | Data: 80
07:11:24.749,MASTER,S2: OK=76 | FAIL=4 | Data: 2
07:11:24.752,MASTER,Durasi siklus: 147 ms
07:11:24.755,MASTER,========================================
07:11:25.254,MASTER,========================================
07:11:25.255,MASTER,=== CYCLE 81 ===
07:11:25.256,MASTER,[TX] POLL:1
07:11:25.288,S1,[RX] POLL:1 | RSSI: -60 dBm | SNR: 9.00 dB | RX#: 81
07:11:25.290,S1,[TX] S1:DATA:81
07:11:25.329,MASTER,[RX] S1:DATA:81 | RSSI: -54 dBm | SNR: 10.00 dB
07:11:25.330,MASTER,[TX] POLL:2
07:11:25.359,S1,[IGNORE] POLL:2
07:11:25.399,S1,[IGNORE] S2:DATA:3
07:11:25.402,MASTER,[RX] S2:DATA:3 | RSSI: -60 dBm | SNR: 9.25 dB
07:11:25.405,MASTER,--- STATISTIK ---
07:11:25.413,MASTER,S1: OK=81 | FAIL=0 | Data: 81
07:11:25.413,MASTER,S2: OK=77 | FAIL=4 | Data: 3
07:11:25.414,MASTER,Durasi siklus: 149 ms
07:11:25.414,MASTER,========================================
07:11:25.912,MASTER,========================================
07:11:25.913,MASTER,=== CYCLE 82 ===
07:11:25.914,MASTER,[TX] POLL:1
07:11:25.946,S1,[RX] POLL:1 | RSSI: -60 dBm | SNR: 9.25 dB | RX#: 82
07:11:25.948,S1,[TX] S1:DATA:82
07:11:25.987,MASTER,[RX] S1:DATA:82 | RSSI: -53 dBm | SNR: 9.75 dB
07:11:25.987,MASTER,[TX] POLL:2
07:11:26.017,S1,[IGNORE] POLL:2
07:11:26.516,MASTER,[FAIL] Slave 2 tidak merespon!
07:11:26.519,MASTER,--- STATISTIK ---
07:11:26.522,MASTER,S1: OK=82 | FAIL=0 | Data: 82
07:11:26.524,MASTER,S2: OK=77 | FAIL=5 | Data: 3
07:11:26.527,MASTER,Durasi siklus: 606 ms
07:11:26.530,MASTER,========================================
07:11:27.028,MASTER,========================================
07:11:27.029,MASTER,=== CYCLE 83 ===
07:11:27.030,MASTER,[TX] POLL:1
07:11:27.062,S2,=== LoRa SLAVE 2 ===
07:11:27.062,S1,[RX] POLL:1 | RSSI: -59 dBm | SNR: 9.00 dB | RX#: 83
07:11:27.063,S1,[TX] S1:DATA:83
07:11:27.082,S2,Init LoRa ... OK
07:11:27.083,S2,Freq: 433.00 MHz
07:11:27.085,S2,Menunggu POLL:2 dari Master...
07:11:27.102,MASTER,[RX] S1:DATA:83 | RSSI: -53 dBm | SNR: 9.75 dB
07:11:27.103,MASTER,[TX] POLL:2
07:11:27.133,S1,[IGNORE] POLL:2
07:11:27.135,S2,[RX] POLL:2 | RSSI: -63 dBm | SNR: 9.00 dB | RX#: 1
07:11:27.137,S2,[TX] S2:DATA:1
07:11:27.173,S1,[IGNORE] S2:DATA:1
07:11:27.175,MASTER,[RX] S2:DATA:1 | RSSI: -60 dBm | SNR: 9.25 dB
07:11:27.177,MASTER,--- STATISTIK ---
07:11:27.180,MASTER,S1: OK=83 | FAIL=0 | Data: 83
07:11:27.181,MASTER,S2: OK=78 | FAIL=5 | Data: 1
07:11:27.183,MASTER,Durasi siklus: 148 ms
07:11:27.186,MASTER,========================================
07:11:27.686,MASTER,========================================
07:11:27.687,MASTER,=== CYCLE 84 ===
07:11:27.688,MASTER,[TX] POLL:1
07:11:27.717,S2,[IGNORE] POLL:1
07:11:27.719,S1,[RX] POLL:1 | RSSI: -59 dBm | SNR: 9.00 dB | RX#: 84
07:11:27.721,S1,[TX] S1:DATA:84
07:11:27.758,S2,[IGNORE] S1:DATA:84
07:11:27.760,MASTER,[RX] S1:DATA:84 | RSSI: -52 dBm | SNR: 9.75 dB
07:11:27.760,MASTER,[TX] POLL:2
07:11:27.791,S1,[IGNORE] POLL:2
07:11:27.794,S2,[RX] POLL:2 | RSSI: -64 dBm | SNR: 8.50 dB | RX#: 2
07:11:27.803,S2,[TX] S2:DATA:2
07:11:27.831,S1,[IGNORE] S2:DATA:2
07:11:27.833,MASTER,[RX] S2:DATA:2 | RSSI: -60 dBm | SNR: 8.75 dB
07:11:27.836,MASTER,--- STATISTIK ---
07:11:27.838,MASTER,S1: OK=84 | FAIL=0 | Data: 84
07:11:27.839,MASTER,S2: OK=79 | FAIL=5 | Data: 2
07:11:27.842,MASTER,Durasi siklus: 148 ms
07:11:27.844,MASTER,========================================
07:11:28.344,MASTER,========================================
07:11:28.345,MASTER,=== CYCLE 85 ===
07:11:28.346,MASTER,[TX] POLL:1
07:11:28.375,S2,[IGNORE] POLL:1
07:11:28.378,S1,[RX] POLL:1 | RSSI: -59 dBm | SNR: 9.00 dB | RX#: 85
07:11:28.380,S1,[TX] S1:DATA:85
07:11:28.416,S2,[IGNORE] S1:DATA:85
07:11:28.419,MASTER,[RX] S1:DATA:85 | RSSI: -53 dBm | SNR: 10.00 dB
07:11:28.419,MASTER,[TX] POLL:2
07:11:28.449,S1,[IGNORE] POLL:2
07:11:28.452,S2,[RX] POLL:2 | RSSI: -65 dBm | SNR: 9.00 dB | RX#: 3
07:11:28.453,S2,[TX] S2:DATA:3
07:11:28.489,S1,[IGNORE] S2:DATA:3
07:11:28.491,MASTER,[RX] S2:DATA:3 | RSSI: -62 dBm | SNR: 9.00 dB
07:11:28.493,MASTER,--- STATISTIK ---
07:11:28.496,MASTER,S1: OK=85 | FAIL=0 | Data: 85
07:11:28.497,MASTER,S2: OK=80 | FAIL=5 | Data: 3
07:11:28.499,MASTER,Durasi siklus: 148 ms
07:11:28.502,MASTER,========================================
07:11:29.002,MASTER,========================================
07:11:29.003,MASTER,=== CYCLE 86 ===
07:11:29.004,MASTER,[TX] POLL:1
07:11:29.033,S2,[IGNORE] POLL:1
07:11:29.035,S1,[RX] POLL:1 | RSSI: -59 dBm | SNR: 9.00 dB | RX#: 86
07:11:29.037,S1,[TX] S1:DATA:86
07:11:29.073,S2,[IGNORE] S1:DATA:86
07:11:29.076,MASTER,[RX] S1:DATA:86 | RSSI: -53 dBm | SNR: 10.25 dB
07:11:29.076,MASTER,[TX] POLL:2
07:11:29.107,S1,[IGNORE] POLL:2
07:11:29.109,S2,[RX] POLL:2 | RSSI: -67 dBm | SNR: 9.00 dB | RX#: 4
07:11:29.111,S2,[TX] S2:DATA:4
07:11:29.146,S1,[IGNORE] S2:DATA:4
07:11:29.149,MASTER,[RX] S2:DATA:4 | RSSI: -64 dBm | SNR: 9.50 dB
07:11:29.151,MASTER,--- STATISTIK ---
07:11:29.154,MASTER,S1: OK=86 | FAIL=0 | Data: 86
07:11:29.154,MASTER,S2: OK=81 | FAIL=5 | Data: 4
07:11:29.157,MASTER,Durasi siklus: 147 ms
07:11:29.160,MASTER,========================================
07:11:29.660,MASTER,========================================
07:11:29.667,MASTER,=== CYCLE 87 ===
07:11:29.667,MASTER,[TX] POLL:1
07:11:29.690,S2,[IGNORE] POLL:1
07:11:29.693,S1,[RX] POLL:1 | RSSI: -59 dBm | SNR: 9.50 dB | RX#: 87
07:11:29.695,S1,[TX] S1:DATA:87
07:11:29.731,S2,[IGNORE] S1:DATA:87
07:11:29.734,MASTER,[RX] S1:DATA:87 | RSSI: -53 dBm | SNR: 9.75 dB
07:11:29.734,MASTER,[TX] POLL:2
07:11:29.764,S1,[IGNORE] POLL:2
07:11:29.767,S2,[RX] POLL:2 | RSSI: -68 dBm | SNR: 9.00 dB | RX#: 5
07:11:29.768,S2,[TX] S2:DATA:5
07:11:29.804,S1,[IGNORE] S2:DATA:5
07:11:29.806,MASTER,[RX] S2:DATA:5 | RSSI: -64 dBm | SNR: 9.75 dB
07:11:29.809,MASTER,--- STATISTIK ---
07:11:29.812,MASTER,S1: OK=87 | FAIL=0 | Data: 87
07:11:29.812,MASTER,S2: OK=82 | FAIL=5 | Data: 5
07:11:29.815,MASTER,Durasi siklus: 149 ms
07:11:29.817,MASTER,========================================
07:11:30.318,MASTER,========================================
07:11:30.319,MASTER,=== CYCLE 88 ===
07:11:30.320,MASTER,[TX] POLL:1
07:11:30.350,S2,[IGNORE] POLL:1
07:11:30.351,S1,[RX] POLL:1 | RSSI: -59 dBm | SNR: 9.25 dB | RX#: 88
07:11:30.353,S1,[TX] S1:DATA:88
07:11:30.390,S2,[IGNORE] S1:DATA:88
07:11:30.393,MASTER,[RX] S1:DATA:88 | RSSI: -52 dBm | SNR: 9.75 dB
07:11:30.394,MASTER,[TX] POLL:2
07:11:30.424,S1,[IGNORE] POLL:2
07:11:30.425,S2,[RX] POLL:2 | RSSI: -67 dBm | SNR: 8.75 dB | RX#: 6
07:11:30.427,S2,[TX] S2:DATA:6
07:11:30.467,S1,[IGNORE] S2:DATA:6
07:11:30.467,MASTER,[RX] S2:DATA:6 | RSSI: -64 dBm | SNR: 9.50 dB
07:11:30.468,MASTER,--- STATISTIK ---
07:11:30.470,MASTER,S1: OK=88 | FAIL=0 | Data: 88
07:11:30.470,MASTER,S2: OK=83 | FAIL=5 | Data: 6
07:11:30.474,MASTER,Durasi siklus: 147 ms
07:11:30.476,MASTER,========================================
07:11:30.977,MASTER,========================================
07:11:30.978,MASTER,=== CYCLE 89 ===
07:11:30.978,MASTER,[TX] POLL:1
07:11:31.007,S2,[IGNORE] POLL:1
07:11:31.009,S1,[RX] POLL:1 | RSSI: -56 dBm | SNR: 8.50 dB | RX#: 89
07:11:31.011,S1,[TX] S1:DATA:89
07:11:31.047,S2,[IGNORE] S1:DATA:89
07:11:31.051,MASTER,[RX] S1:DATA:89 | RSSI: -53 dBm | SNR: 9.75 dB
07:11:31.051,MASTER,[TX] POLL:2
07:11:31.081,S1,[IGNORE] POLL:2
07:11:31.084,S2,[RX] POLL:2 | RSSI: -68 dBm | SNR: 8.75 dB | RX#: 7
07:11:31.084,S2,[TX] S2:DATA:7
07:11:31.121,S1,[IGNORE] S2:DATA:7
07:11:31.122,MASTER,[RX] S2:DATA:7 | RSSI: -65 dBm | SNR: 9.50 dB
07:11:31.125,MASTER,--- STATISTIK ---
07:11:31.128,MASTER,S1: OK=89 | FAIL=0 | Data: 89
07:11:31.128,MASTER,S2: OK=84 | FAIL=5 | Data: 7
07:11:31.131,MASTER,Durasi siklus: 149 ms
07:11:31.133,MASTER,========================================
07:11:31.634,MASTER,========================================
07:11:31.635,MASTER,=== CYCLE 90 ===
07:11:31.635,MASTER,[TX] POLL:1
07:11:31.665,S2,[IGNORE] POLL:1
07:11:31.667,S1,[RX] POLL:1 | RSSI: -59 dBm | SNR: 9.25 dB | RX#: 90
07:11:31.669,S1,[TX] S1:DATA:90
07:11:31.705,S2,[IGNORE] S1:DATA:90
07:11:31.708,MASTER,[RX] S1:DATA:90 | RSSI: -53 dBm | SNR: 10.00 dB
07:11:31.709,MASTER,[TX] POLL:2
07:11:31.739,S1,[IGNORE] POLL:2
07:11:31.742,S2,[RX] POLL:2 | RSSI: -68 dBm | SNR: 9.25 dB | RX#: 8
07:11:31.742,S2,[TX] S2:DATA:8
07:11:31.778,S1,[IGNORE] S2:DATA:8
07:11:31.780,MASTER,[RX] S2:DATA:8 | RSSI: -64 dBm | SNR: 10.00 dB
07:11:31.783,MASTER,--- STATISTIK ---
07:11:31.786,MASTER,S1: OK=90 | FAIL=0 | Data: 90
07:11:31.786,MASTER,S2: OK=85 | FAIL=5 | Data: 8
07:11:31.789,MASTER,Durasi siklus: 147 ms
07:11:31.799,MASTER,========================================
07:11:32.292,MASTER,========================================
07:11:32.292,MASTER,=== CYCLE 91 ===
07:11:32.294,MASTER,[TX] POLL:1
07:11:32.328,S2,[IGNORE] POLL:1
07:11:32.328,S1,[RX] POLL:1 | RSSI: -59 dBm | SNR: 8.50 dB | RX#: 91
07:11:32.328,S1,[TX] S1:DATA:91
07:11:32.363,S2,[IGNORE] S1:DATA:91
07:11:32.366,MASTER,[RX] S1:DATA:91 | RSSI: -53 dBm | SNR: 9.75 dB
07:11:32.366,MASTER,[TX] POLL:2
07:11:32.398,S1,[IGNORE] POLL:2
07:11:32.399,S2,[RX] POLL:2 | RSSI: -68 dBm | SNR: 9.00 dB | RX#: 9
07:11:32.400,S2,[TX] S2:DATA:9
07:11:32.438,S1,[IGNORE] S2:DATA:9
07:11:32.438,MASTER,[RX] S2:DATA:9 | RSSI: -65 dBm | SNR: 9.50 dB
07:11:32.442,MASTER,--- STATISTIK ---
07:11:32.444,MASTER,S1: OK=91 | FAIL=0 | Data: 91
07:11:32.444,MASTER,S2: OK=86 | FAIL=5 | Data: 9
07:11:32.447,MASTER,Durasi siklus: 149 ms
07:11:32.450,MASTER,========================================
07:11:32.949,MASTER,========================================
07:11:32.950,MASTER,=== CYCLE 92 ===
07:11:32.951,MASTER,[TX] POLL:1
07:11:32.981,S2,[IGNORE] POLL:1
07:11:32.983,S1,[RX] POLL:1 | RSSI: -59 dBm | SNR: 9.25 dB | RX#: 92
07:11:32.985,S1,[TX] S1:DATA:92
07:11:33.021,S2,[IGNORE] S1:DATA:92
07:11:33.024,MASTER,[RX] S1:DATA:92 | RSSI: -53 dBm | SNR: 9.75 dB
07:11:33.024,MASTER,[TX] POLL:2
07:11:33.055,S1,[IGNORE] POLL:2
07:11:33.057,S2,[RX] POLL:2 | RSSI: -68 dBm | SNR: 8.75 dB | RX#: 10
07:11:33.058,S2,[TX] S2:DATA:10
07:11:33.095,S1,[IGNORE] S2:DATA:10
07:11:33.097,MASTER,[RX] S2:DATA:10 | RSSI: -65 dBm | SNR: 9.00 dB
07:11:33.099,MASTER,--- STATISTIK ---
07:11:33.102,MASTER,S1: OK=92 | FAIL=0 | Data: 92
07:11:33.105,MASTER,S2: OK=87 | FAIL=5 | Data: 10
07:11:33.105,MASTER,Durasi siklus: 147 ms
07:11:33.109,MASTER,========================================
07:11:33.609,MASTER,========================================
07:11:33.609,MASTER,=== CYCLE 93 ===
07:11:33.610,MASTER,[TX] POLL:1
07:11:33.639,S2,[IGNORE] POLL:1
07:11:33.642,S1,[RX] POLL:1 | RSSI: -59 dBm | SNR: 8.75 dB | RX#: 93
07:11:33.643,S1,[TX] S1:DATA:93
07:11:33.679,S2,[IGNORE] S1:DATA:93
07:11:33.683,MASTER,[RX] S1:DATA:93 | RSSI: -53 dBm | SNR: 9.75 dB
07:11:33.683,MASTER,[TX] POLL:2
07:11:33.713,S1,[IGNORE] POLL:2
07:11:33.715,S2,[RX] POLL:2 | RSSI: -69 dBm | SNR: 9.00 dB | RX#: 11
07:11:33.717,S2,[TX] S2:DATA:11
07:11:33.754,S1,[IGNORE] S2:DATA:11
07:11:33.756,MASTER,[RX] S2:DATA:11 | RSSI: -65 dBm | SNR: 9.00 dB
07:11:33.758,MASTER,--- STATISTIK ---
07:11:33.760,MASTER,S1: OK=93 | FAIL=0 | Data: 93
07:11:33.763,MASTER,S2: OK=88 | FAIL=5 | Data: 11
07:11:33.764,MASTER,Durasi siklus: 147 ms
07:11:33.767,MASTER,========================================
07:11:34.267,MASTER,========================================
07:11:34.268,MASTER,=== CYCLE 94 ===
07:11:34.268,MASTER,[TX] POLL:1
07:11:34.299,S2,[IGNORE] POLL:1
07:11:34.300,S1,[RX] POLL:1 | RSSI: -59 dBm | SNR: 9.00 dB | RX#: 94
07:11:34.302,S1,[TX] S1:DATA:94
07:11:34.337,S2,[IGNORE] S1:DATA:94
07:11:34.340,MASTER,[RX] S1:DATA:94 | RSSI: -53 dBm | SNR: 9.75 dB
07:11:34.341,MASTER,[TX] POLL:2
07:11:34.371,S1,[IGNORE] POLL:2
07:11:34.373,S2,[RX] POLL:2 | RSSI: -70 dBm | SNR: 8.75 dB | RX#: 12
07:11:34.375,S2,[TX] S2:DATA:12
07:11:34.411,S1,[IGNORE] S2:DATA:12
07:11:34.413,MASTER,[RX] S2:DATA:12 | RSSI: -65 dBm | SNR: 9.25 dB
07:11:34.417,MASTER,--- STATISTIK ---
07:11:34.419,MASTER,S1: OK=94 | FAIL=0 | Data: 94
07:11:34.422,MASTER,S2: OK=89 | FAIL=5 | Data: 12
07:11:34.422,MASTER,Durasi siklus: 148 ms
07:11:34.425,MASTER,========================================
07:11:34.925,MASTER,========================================
07:11:34.925,MASTER,=== CYCLE 95 ===
07:11:34.926,MASTER,[TX] POLL:1
07:11:34.956,S2,[IGNORE] POLL:1
07:11:34.958,S1,[RX] POLL:1 | RSSI: -59 dBm | SNR: 9.25 dB | RX#: 95
07:11:34.960,S1,[TX] S1:DATA:95
07:11:34.996,S2,[IGNORE] S1:DATA:95
07:11:34.999,MASTER,[RX] S1:DATA:95 | RSSI: -53 dBm | SNR: 9.75 dB
07:11:34.999,MASTER,[TX] POLL:2
07:11:35.029,S1,[IGNORE] POLL:2
07:11:35.032,S2,[RX] POLL:2 | RSSI: -69 dBm | SNR: 8.75 dB | RX#: 13
07:11:35.033,S2,[TX] S2:DATA:13
07:11:35.069,S1,[IGNORE] S2:DATA:13
07:11:35.071,MASTER,[RX] S2:DATA:13 | RSSI: -65 dBm | SNR: 9.25 dB
07:11:35.075,MASTER,--- STATISTIK ---
07:11:35.077,MASTER,S1: OK=95 | FAIL=0 | Data: 95
07:11:35.080,MASTER,S2: OK=90 | FAIL=5 | Data: 13
07:11:35.080,MASTER,Durasi siklus: 147 ms
07:11:35.084,MASTER,========================================
07:11:35.583,MASTER,========================================
07:11:35.584,MASTER,=== CYCLE 96 ===
07:11:35.585,MASTER,[TX] POLL:1
07:11:35.615,S2,[IGNORE] POLL:1
07:11:35.617,S1,[RX] POLL:1 | RSSI: -59 dBm | SNR: 9.50 dB | RX#: 96
07:11:35.618,S1,[TX] S1:DATA:96
07:11:35.655,S2,[IGNORE] S1:DATA:96
07:11:35.657,MASTER,[RX] S1:DATA:96 | RSSI: -53 dBm | SNR: 10.00 dB
07:11:35.657,MASTER,[TX] POLL:2
07:11:35.689,S1,[IGNORE] POLL:2
07:11:35.690,S2,[RX] POLL:2 | RSSI: -69 dBm | SNR: 9.00 dB | RX#: 14
07:11:35.692,S2,[TX] S2:DATA:14
07:11:35.727,S1,[IGNORE] S2:DATA:14
07:11:35.730,MASTER,[RX] S2:DATA:14 | RSSI: -66 dBm | SNR: 9.25 dB
07:11:35.732,MASTER,--- STATISTIK ---
07:11:35.735,MASTER,S1: OK=96 | FAIL=0 | Data: 96
07:11:35.738,MASTER,S2: OK=91 | FAIL=5 | Data: 14
07:11:35.738,MASTER,Durasi siklus: 149 ms
07:11:35.742,MASTER,========================================
07:11:36.241,MASTER,========================================
07:11:36.242,MASTER,=== CYCLE 97 ===
07:11:36.243,MASTER,[TX] POLL:1
07:11:36.272,S2,[IGNORE] POLL:1
07:11:36.275,S1,[RX] POLL:1 | RSSI: -59 dBm | SNR: 9.00 dB | RX#: 97
07:11:36.276,S1,[TX] S1:DATA:97
07:11:36.312,S2,[IGNORE] S1:DATA:97
07:11:36.316,MASTER,[RX] S1:DATA:97 | RSSI: -53 dBm | SNR: 9.50 dB
07:11:36.316,MASTER,[TX] POLL:2
07:11:36.347,S1,[IGNORE] POLL:2
07:11:36.348,S2,[RX] POLL:2 | RSSI: -68 dBm | SNR: 9.25 dB | RX#: 15
07:11:36.350,S2,[TX] S2:DATA:15
07:11:36.386,S1,[IGNORE] S2:DATA:15
07:11:36.388,MASTER,[RX] S2:DATA:15 | RSSI: -65 dBm | SNR: 9.50 dB
07:11:36.391,MASTER,--- STATISTIK ---
07:11:36.394,MASTER,S1: OK=97 | FAIL=0 | Data: 97
07:11:36.396,MASTER,S2: OK=92 | FAIL=5 | Data: 15
07:11:36.397,MASTER,Durasi siklus: 148 ms
07:11:36.400,MASTER,========================================
07:11:36.900,MASTER,========================================
07:11:36.901,MASTER,=== CYCLE 98 ===
07:11:36.901,MASTER,[TX] POLL:1
07:11:36.931,S2,[IGNORE] POLL:1
07:11:36.934,S1,[RX] POLL:1 | RSSI: -59 dBm | SNR: 9.25 dB | RX#: 98
07:11:36.935,S1,[TX] S1:DATA:98
07:11:36.972,S2,[IGNORE] S1:DATA:98
07:11:36.974,MASTER,[RX] S1:DATA:98 | RSSI: -53 dBm | SNR: 10.00 dB
07:11:36.974,MASTER,[TX] POLL:2
07:11:37.005,S1,[IGNORE] POLL:2
07:11:37.007,S2,[RX] POLL:2 | RSSI: -68 dBm | SNR: 9.25 dB | RX#: 16
07:11:37.009,S2,[TX] S2:DATA:16
07:11:37.046,S1,[IGNORE] S2:DATA:16
07:11:37.047,MASTER,[RX] S2:DATA:16 | RSSI: -64 dBm | SNR: 9.25 dB
07:11:37.050,MASTER,--- STATISTIK ---
07:11:37.052,MASTER,S1: OK=98 | FAIL=0 | Data: 98
07:11:37.055,MASTER,S2: OK=93 | FAIL=5 | Data: 16
07:11:37.055,MASTER,Durasi siklus: 149 ms
07:11:37.059,MASTER,========================================
07:11:37.558,MASTER,========================================
07:11:37.559,MASTER,=== CYCLE 99 ===
07:11:37.560,MASTER,[TX] POLL:1
07:11:37.590,S2,[IGNORE] POLL:1
07:11:37.592,S1,[RX] POLL:1 | RSSI: -59 dBm | SNR: 8.75 dB | RX#: 99
07:11:37.593,S1,[TX] S1:DATA:99
07:11:37.635,S2,[IGNORE] S1:DATA:99
07:11:37.636,MASTER,[RX] S1:DATA:99 | RSSI: -53 dBm | SNR: 9.75 dB
07:11:37.636,MASTER,[TX] POLL:2
07:11:37.662,S1,[IGNORE] POLL:2
07:11:37.665,S2,[RX] POLL:2 | RSSI: -67 dBm | SNR: 9.00 dB | RX#: 17
07:11:37.667,S2,[TX] S2:DATA:17
07:11:37.703,S1,[IGNORE] S2:DATA:17
07:11:37.705,MASTER,[RX] S2:DATA:17 | RSSI: -64 dBm | SNR: 9.25 dB
07:11:37.707,MASTER,--- STATISTIK ---
07:11:37.710,MASTER,S1: OK=99 | FAIL=0 | Data: 99
07:11:37.713,MASTER,S2: OK=94 | FAIL=5 | Data: 17
07:11:37.713,MASTER,Durasi siklus: 148 ms
07:11:37.717,MASTER,========================================
07:11:38.217,MASTER,========================================
07:11:38.217,MASTER,=== CYCLE 100 ===
07:11:38.218,MASTER,[TX] POLL:1
07:11:38.247,S2,[IGNORE] POLL:1
07:11:38.250,S1,[RX] POLL:1 | RSSI: -59 dBm | SNR: 8.75 dB | RX#: 100
07:11:38.251,S1,[TX] S1:DATA:100
07:11:38.293,S2,[IGNORE] S1:DATA:100
07:11:38.296,MASTER,[RX] S1:DATA:100 | RSSI: -45 dBm | SNR: 9.50 dB
07:11:38.296,MASTER,[TX] POLL:2
07:11:38.327,S1,[IGNORE] POLL:2
07:11:38.330,S2,[RX] POLL:2 | RSSI: -68 dBm | SNR: 9.25 dB | RX#: 18
07:11:38.331,S2,[TX] S2:DATA:18
07:11:38.367,S1,[IGNORE] S2:DATA:18
07:11:38.369,MASTER,[RX] S2:DATA:18 | RSSI: -64 dBm | SNR: 9.50 dB
07:11:38.372,MASTER,--- STATISTIK ---
07:11:38.374,MASTER,S1: OK=100 | FAIL=0 | Data: 100
07:11:38.377,MASTER,S2: OK=95 | FAIL=5 | Data: 18
07:11:38.378,MASTER,Durasi siklus: 154 ms
07:11:38.381,MASTER,========================================
07:11:38.882,MASTER,========================================
07:11:38.883,MASTER,=== CYCLE 101 ===
07:11:38.883,MASTER,[TX] POLL:1
07:11:38.911,S2,[IGNORE] POLL:1
07:11:38.913,S1,[RX] POLL:1 | RSSI: -59 dBm | SNR: 9.25 dB | RX#: 101
07:11:38.915,S1,[TX] S1:DATA:101
07:11:38.964,S2,[IGNORE] S1:DATA:101
07:11:38.964,MASTER,[RX] S1:DATA:101 | RSSI: -51 dBm | SNR: 9.75 dB
07:11:38.964,MASTER,[TX] POLL:2
07:11:38.990,S1,[IGNORE] POLL:2
07:11:38.992,S2,[RX] POLL:2 | RSSI: -68 dBm | SNR: 9.25 dB | RX#: 19
07:11:38.994,S2,[TX] S2:DATA:19
07:11:39.031,S1,[IGNORE] S2:DATA:19
07:11:39.033,MASTER,[RX] S2:DATA:19 | RSSI: -64 dBm | SNR: 9.00 dB
07:11:39.035,MASTER,--- STATISTIK ---
07:11:39.038,MASTER,S1: OK=101 | FAIL=0 | Data: 101
07:11:39.040,MASTER,S2: OK=96 | FAIL=5 | Data: 19
07:11:39.040,MASTER,Durasi siklus: 153 ms
07:11:39.044,MASTER,========================================
07:11:39.544,MASTER,========================================
07:11:39.544,MASTER,=== CYCLE 102 ===
07:11:39.546,MASTER,[TX] POLL:1
07:11:39.577,S2,[IGNORE] POLL:1
07:11:39.578,S1,[RX] POLL:1 | RSSI: -59 dBm | SNR: 9.00 dB | RX#: 102
07:11:39.579,S1,[TX] S1:DATA:102
07:11:39.620,S2,[IGNORE] S1:DATA:102
07:11:39.624,MASTER,[RX] S1:DATA:102 | RSSI: -51 dBm | SNR: 9.75 dB
07:11:39.624,MASTER,[TX] POLL:2
07:11:39.655,S1,[IGNORE] POLL:2
07:11:39.657,S2,[RX] POLL:2 | RSSI: -68 dBm | SNR: 9.00 dB | RX#: 20
07:11:39.658,S2,[TX] S2:DATA:20
07:11:39.695,S1,[IGNORE] S2:DATA:20
07:11:39.696,MASTER,[RX] S2:DATA:20 | RSSI: -64 dBm | SNR: 8.75 dB
07:11:39.699,MASTER,--- STATISTIK ---
07:11:39.701,MASTER,S1: OK=102 | FAIL=0 | Data: 102
07:11:39.704,MASTER,S2: OK=97 | FAIL=5 | Data: 20
07:11:39.705,MASTER,Durasi siklus: 154 ms
07:11:39.708,MASTER,========================================
07:11:40.207,MASTER,========================================
07:11:40.207,MASTER,=== CYCLE 103 ===
07:11:40.210,MASTER,[TX] POLL:1
07:11:40.238,S2,[IGNORE] POLL:1
07:11:40.241,S1,[RX] POLL:1 | RSSI: -59 dBm | SNR: 9.00 dB | RX#: 103
07:11:40.243,S1,[TX] S1:DATA:103
07:11:40.284,S2,[IGNORE] S1:DATA:103
07:11:40.291,MASTER,[RX] S1:DATA:103 | RSSI: -51 dBm | SNR: 9.75 dB
07:11:40.291,MASTER,[TX] POLL:2
07:11:40.318,S1,[IGNORE] POLL:2
07:11:40.320,S2,[RX] POLL:2 | RSSI: -68 dBm | SNR: 9.00 dB | RX#: 21
07:11:40.321,S2,[TX] S2:DATA:21
07:11:40.358,S1,[IGNORE] S2:DATA:21
07:11:40.360,MASTER,[RX] S2:DATA:21 | RSSI: -64 dBm | SNR: 9.50 dB
07:11:40.362,MASTER,--- STATISTIK ---
07:11:40.365,MASTER,S1: OK=103 | FAIL=0 | Data: 103
07:11:40.368,MASTER,S2: OK=98 | FAIL=5 | Data: 21
07:11:40.368,MASTER,Durasi siklus: 152 ms
07:11:40.372,MASTER,========================================
07:11:40.871,MASTER,========================================
07:11:40.872,MASTER,=== CYCLE 104 ===
07:11:40.873,MASTER,[TX] POLL:1
07:11:40.902,S2,[IGNORE] POLL:1
07:11:40.905,S1,[RX] POLL:1 | RSSI: -59 dBm | SNR: 8.75 dB | RX#: 104
07:11:40.906,S1,[TX] S1:DATA:104
07:11:40.947,S2,[IGNORE] S1:DATA:104
07:11:40.951,MASTER,[RX] S1:DATA:104 | RSSI: -51 dBm | SNR: 10.00 dB
07:11:40.951,MASTER,[TX] POLL:2
07:11:40.981,S1,[IGNORE] POLL:2
07:11:40.984,S2,[RX] POLL:2 | RSSI: -68 dBm | SNR: 9.50 dB | RX#: 22
07:11:40.985,S2,[TX] S2:DATA:22
07:11:41.021,S1,[IGNORE] S2:DATA:22
07:11:41.024,MASTER,[RX] S2:DATA:22 | RSSI: -64 dBm | SNR: 9.25 dB
07:11:41.026,MASTER,--- STATISTIK ---
07:11:41.029,MASTER,S1: OK=104 | FAIL=0 | Data: 104
07:11:41.032,MASTER,S2: OK=99 | FAIL=5 | Data: 22
07:11:41.032,MASTER,Durasi siklus: 154 ms
07:11:41.036,MASTER,========================================
07:11:41.535,MASTER,========================================
07:11:41.535,MASTER,=== CYCLE 105 ===
07:11:41.537,MASTER,[TX] POLL:1
07:11:41.566,S2,[IGNORE] POLL:1
07:11:41.568,S1,[RX] POLL:1 | RSSI: -59 dBm | SNR: 9.00 dB | RX#: 105
07:11:41.570,S1,[TX] S1:DATA:105
07:11:41.612,S2,[IGNORE] S�:DATA
07:11:41.612,S2,105
07:11:41.615,MASTER,[RX] S1:DATA:105 | RSSI: -51 dBm | SNR: 9.50 dB
07:11:41.615,MASTER,[TX] POLL:2
07:11:41.645,S1,[IGNORE] POLL:2
07:11:41.648,S2,[RX] POLL:2 | RSSI: -69 dBm | SNR: 9.00 dB | RX#: 23
07:11:41.649,S2,[TX] S2:DATA:23
07:11:41.685,S1,[IGNORE] S2:DATA:23
07:11:41.687,MASTER,[RX] S2:DATA:23 | RSSI: -64 dBm | SNR: 9.50 dB
07:11:41.690,MASTER,--- STATISTIK ---
07:11:41.693,MASTER,S1: OK=105 | FAIL=0 | Data: 105
07:11:41.695,MASTER,S2: OK=100 | FAIL=5 | Data: 23
07:11:41.696,MASTER,Durasi siklus: 153 ms
07:11:41.700,MASTER,========================================
07:11:42.199,MASTER,========================================
07:11:42.200,MASTER,=== CYCLE 106 ===
07:11:42.201,MASTER,[TX] POLL:1
07:11:42.231,S2,[IGNORE] POLL:1
07:11:42.232,S1,[RX] POLL:1 | RSSI: -59 dBm | SNR: 9.00 dB | RX#: 106
07:11:42.234,S1,[TX] S1:DATA:106
07:11:42.276,S2,[IGNORE] S1:DATA:106
07:11:42.279,MASTER,[RX] S1:DATA:106 | RSSI: -51 dBm | SNR: 9.75 dB
07:11:42.280,MASTER,[TX] POLL:2
07:11:42.310,S1,[IGNORE] POLL:2
07:11:42.312,S2,[RX] POLL:2 | RSSI: -69 dBm | SNR: 9.25 dB | RX#: 24
07:11:42.313,S2,[TX] S2:DATA:24
07:11:42.349,S1,[IGNORE] S2:DATA:24
07:11:42.352,MASTER,[RX] S2:DATA:24 | RSSI: -65 dBm | SNR: 9.00 dB
07:11:42.354,MASTER,--- STATISTIK ---
07:11:42.357,MASTER,S1: OK=106 | FAIL=0 | Data: 106
07:11:42.360,MASTER,S2: OK=101 | FAIL=5 | Data: 24
07:11:42.361,MASTER,Durasi siklus: 154 ms
07:11:42.364,MASTER,========================================
07:11:42.864,MASTER,========================================
07:11:42.865,MASTER,=== CYCLE 107 ===
07:11:42.865,MASTER,[TX] POLL:1
07:11:42.895,S2,[IGNORE] POLL:1
07:11:42.897,S1,[RX] POLL:1 | RSSI: -59 dBm | SNR: 9.00 dB | RX#: 107
07:11:42.900,S1,[TX] S1:DATA:107
07:11:42.940,S2,[IGNORE] S1:DATA:107
07:11:42.942,MASTER,[RX] S1:DATA:107 | RSSI: -51 dBm | SNR: 9.50 dB
07:11:42.943,MASTER,[TX] POLL:2
07:11:42.973,S1,[IGNORE] POLL:2
07:11:42.975,S2,[RX] POLL:2 | RSSI: -69 dBm | SNR: 9.25 dB | RX#: 25
07:11:42.977,S2,[TX] S2:DATA:25
07:11:43.013,S1,[IGNORE] S2:DATA:25
07:11:43.015,MASTER,[RX] S2:DATA:25 | RSSI: -65 dBm | SNR: 9.25 dB
07:11:43.018,MASTER,--- STATISTIK ---
07:11:43.020,MASTER,S1: OK=107 | FAIL=0 | Data: 107
07:11:43.023,MASTER,S2: OK=102 | FAIL=5 | Data: 25
07:11:43.024,MASTER,Durasi siklus: 153 ms
07:11:43.028,MASTER,========================================
07:11:43.527,MASTER,========================================
07:11:43.527,MASTER,=== CYCLE 108 ===
07:11:43.528,MASTER,[TX] POLL:1
07:11:43.558,S2,[IGNORE] POLL:1
07:11:43.560,S1,[RX] POLL:1 | RSSI: -59 dBm | SNR: 8.75 dB | RX#: 108
07:11:43.562,S1,[TX] S1:DATA:108
07:11:43.604,S2,[IGNORE] S1:DATA:108
07:11:43.606,MASTER,[RX] S1:DATA:108 | RSSI: -51 dBm | SNR: 9.50 dB
07:11:43.607,MASTER,[TX] POLL:2
07:11:43.638,S1,[IGNORE] POLL:2
07:11:43.640,S2,[RX] POLL:2 | RSSI: -69 dBm | SNR: 8.75 dB | RX#: 26
07:11:43.641,S2,[TX] S2:DATA:26
07:11:43.678,S1,[IGNORE] S2:DATA:26
07:11:43.680,MASTER,[RX] S2:DATA:26 | RSSI: -65 dBm | SNR: 9.25 dB
07:11:43.682,MASTER,--- STATISTIK ---
07:11:43.685,MASTER,S1: OK=108 | FAIL=0 | Data: 108
07:11:43.688,MASTER,S2: OK=103 | FAIL=5 | Data: 26
07:11:43.688,MASTER,Durasi siklus: 154 ms
07:11:43.692,MASTER,========================================
07:11:44.192,MASTER,========================================
07:11:44.192,MASTER,=== CYCLE 109 ===
07:11:44.192,MASTER,[TX] POLL:1
07:11:44.223,S2,[IGNORE] POLL:1
07:11:44.225,S1,[RX] POLL:1 | RSSI: -59 dBm | SNR: 9.00 dB | RX#: 109
07:11:44.226,S1,[TX] S1:DATA:109
07:11:44.268,S2,[IGNORE] S1:DATA:109
07:11:44.270,MASTER,[RX] S1:DATA:109 | RSSI: -51 dBm | SNR: 9.75 dB
07:11:44.270,MASTER,[TX] POLL:2
07:11:44.301,S1,[IGNORE] POLL:2
07:11:44.303,S2,[RX] POLL:2 | RSSI: -69 dBm | SNR: 9.25 dB | RX#: 27
07:11:44.305,S2,[TX] S2:DATA:27
07:11:44.341,S1,[IGNORE] S2:DATA:27
07:11:44.344,MASTER,[RX] S2:DATA:27 | RSSI: -65 dBm | SNR: 9.00 dB
07:11:44.346,MASTER,--- STATISTIK ---
07:11:44.349,MASTER,S1: OK=109 | FAIL=0 | Data: 109
07:11:44.351,MASTER,S2: OK=104 | FAIL=5 | Data: 27
07:11:44.352,MASTER,Durasi siklus: 154 ms
07:11:44.356,MASTER,========================================
07:11:44.854,MASTER,========================================
07:11:44.855,MASTER,=== CYCLE 110 ===
07:11:44.857,MASTER,[TX] POLL:1
07:11:44.887,S2,[IGNORE] POLL:1
07:11:44.888,S1,[RX] POLL:1 | RSSI: -59 dBm | SNR: 8.75 dB | RX#: 110
07:11:44.890,S1,[TX] S1:DATA:110
07:11:44.933,S2,[IGNORE] S1:DATA:110
07:11:44.935,MASTER,[RX] S1:DATA:110 | RSSI: -51 dBm | SNR: 9.50 dB
07:11:44.935,MASTER,[TX] POLL:2
07:11:44.965,S1,[IGNORE] POLL:2
07:11:44.967,S2,[RX] POLL:2 | RSSI: -68 dBm | SNR: 9.00 dB | RX#: 28
07:11:44.969,S2,[TX] S2:DATA:28
07:11:45.005,S1,[IGNORE] S2:DATA:28
07:11:45.007,MASTER,[RX] S2:DATA:28 | RSSI: -64 dBm | SNR: 9.50 dB
07:11:45.010,MASTER,--- STATISTIK ---
07:11:45.012,MASTER,S1: OK=110 | FAIL=0 | Data: 110
07:11:45.016,MASTER,S2: OK=105 | FAIL=5 | Data: 28
07:11:45.016,MASTER,Durasi siklus: 153 ms
07:11:45.020,MASTER,========================================
07:11:45.518,MASTER,========================================
07:11:45.519,MASTER,=== CYCLE 111 ===
07:11:45.520,MASTER,[TX] POLL:1
07:11:45.550,S2,[IGNORE] POLL:1
07:11:45.552,S1,[RX] POLL:1 | RSSI: -59 dBm | SNR: 9.00 dB | RX#: 111
07:11:45.554,S1,[TX] S1:DATA:111
07:11:45.595,S2,[IGNORE] S1:DATA:111
07:11:45.599,MASTER,[RX] S1:DATA:111 | RSSI: -51 dBm | SNR: 10.00 dB
07:11:45.599,MASTER,[TX] POLL:2
07:11:45.629,S1,[IGNORE] POLL:2
07:11:45.631,S2,[RX] POLL:2 | RSSI: -67 dBm | SNR: 8.75 dB | RX#: 29
07:11:45.633,S2,[TX] S2:DATA:29
07:11:45.669,S1,[IGNORE] S2:DATA:29
07:11:45.671,MASTER,[RX] S2:DATA:29 | RSSI: -64 dBm | SNR: 9.50 dB
07:11:45.674,MASTER,--- STATISTIK ---
07:11:45.676,MASTER,S1: OK=111 | FAIL=0 | Data: 111
07:11:45.679,MASTER,S2: OK=106 | FAIL=5 | Data: 29
07:11:45.679,MASTER,Durasi siklus: 154 ms
07:11:45.684,MASTER,========================================
07:11:46.183,MASTER,========================================
07:11:46.183,MASTER,=== CYCLE 112 ===
07:11:46.184,MASTER,[TX] POLL:1
07:11:46.214,S2,[IGNORE] POLL:1
07:11:46.216,S1,[RX] POLL:1 | RSSI: -59 dBm | SNR: 9.25 dB | RX#: 112
07:11:46.218,S1,[TX] S1:DATA:112
07:11:46.261,S2,[IGNORE] S1:DATA:112
07:11:46.262,MASTER,[RX] S1:DATA:112 | RSSI: -51 dBm | SNR: 9.50 dB
07:11:46.263,MASTER,[TX] POLL:2
07:11:46.293,S1,[IGNORE] POLL:2
07:11:46.295,S2,[RX] POLL:2 | RSSI: -67 dBm | SNR: 8.75 dB | RX#: 30
07:11:46.297,S2,[TX] S2:DATA:30
07:11:46.333,S1,[IGNORE] S2:DATA:30
07:11:46.335,MASTER,[RX] S2:DATA:30 | RSSI: -63 dBm | SNR: 9.50 dB
07:11:46.338,MASTER,--- STATISTIK ---
07:11:46.340,MASTER,S1: OK=112 | FAIL=0 | Data: 112
07:11:46.343,MASTER,S2: OK=107 | FAIL=5 | Data: 30
07:11:46.343,MASTER,Durasi siklus: 152 ms
07:11:46.347,MASTER,========================================
07:11:46.846,MASTER,========================================
